"RFID","cluster_id","globale_conteggio_cluster","globale_prima_lettura","globale_ultima_lettura","cluster_prima_lettura","cluster_ultima_lettura","presente_a_database","cantiere","comune","servizio_transponder","servizio_transponder_cronologia","servizio_atteso","servizio_atteso_dettaglio","volume_previsto","volume_atteso","analisi_dal","analisi_al","numero_raccolte_annue_previste","numero_raccolte_annue_presunte","globale_numero_letture","cluster_numero_letture","lat_baricentro_cluster","lon_baricentro_cluster","cluster_dispersione_90th_m","cluster_indice_fiducia","indicatore_cluster"
"RFD20241001040",1,1,"2025-01-21 08:20:02","2025-12-23 08:28:18","2025-01-21 08:20:02","2025-12-23 08:28:18","Presente","RUBANO","LIMENA","CARTA",,,,240,240,2025-01-01,2025-12-31,26,18,17,17,45.475994,11.847941,22.1,0.97,"VALID_TARGET"
"RFD20241001058",1,1,"2025-01-07 15:48:39","2025-12-23 15:45:17","2025-01-07 15:48:39","2025-12-23 15:45:17","Presente","RUBANO","TEOLO","SECCO",,,,1100,1100,2025-01-01,2025-12-31,26,23,23,23,45.343904,11.66383,17.5,0.99,"VALID_TARGET"
"RFD20241001072",1,1,"2025-01-07 09:28:34","2025-12-23 09:43:11","2025-01-07 09:28:34","2025-12-23 09:43:11","Presente","ASIAGO","LUSIANA CONCO","UMIDO",,,,240,240,2025-01-01,2025-12-31,26,23,23,23,45.808496,11.599174,22.2,0.99,"VALID_TARGET"
"RFD20241001103",1,1,"2025-01-07 07:41:13","2025-12-23 07:56:13","2025-01-07 07:41:13","2025-12-23 07:56:13","Presente","CAMPOSAMPIERO","CAMPOSAMPIERO","CARTA",,,,240,240,2025-01-01,2025-12-31,26,20,20,20,45.56607,11.91808,19.1,0.98,"VALID_TARGET"
"RFD20241001114",1,1,"2025-01-07 14:17:14","2025-12-23 14:30:02","2025-01-07 14:17:14","2025-12-23 14:30:02","Presente","ASIAGO","ASIAGO","PLASTICA E METALLI",,,,770,770,2025-01-01,2025-12-31,26,27,26,26,45.861058,11.520342,17.8,1,"VALID_TARGET"
"RFD20241001122",1,1,"2025-01-07 13:33:39","2025-12-23 13:38:20","2025-01-07 13:33:39","2025-12-23 13:38:20","Presente","BASSANO","POVE DEL GRAPPA","PLASTICA E METALLI",,,,770,770,2025-01-01,2025-12-31,26,25,24,24,45.805275,11.726183,20,1,"VALID_TARGET"
"RFD20241001152",1,1,"2025-01-07 09:54:01","2025-12-23 09:55:12","2025-01-07 09:54:01","2025-12-23 09:55:12","Presente","CAMPOSAMPIERO","CADONEGHE","UMIDO",,,,240,240,2025-01-01,2025-12-31,26,27,26,26,45.437419,11.925223,23,1,"VALID_TARGET"
"RFD20241001158",1,1,"2025-01-07 14:23:56","2025-12-23 14:30:08","2025-01-07 14:23:56","2025-12-23 14:30:08","Presente","CAMPOSAMPIERO","SAN MARTINO DI LUPARI","PLASTICA E METALLI",,,,770,770,2025-01-01,2025-12-31,26,27,26,26,45.654446,11.857381,19.8,1,"VALID_TARGET"
"RFD20241001181",1,1,"2025-01-07 14:43:38","2025-12-23 14:57:43","2025-01-07 14:43:38","2025-12-23 14:57:43","Presente","BASSANO","POZZOLEONE","SECCO",,,,1100,1100,2025-01-01,2025-12-31,26,26,25,25,45.654512,11.682728,21.7,1,"VALID_TARGET"
"RFD20241001209",1,1,"2025-01-07 18:04:04","2025-12-23 17:57:52","2025-01-07 18:04:04","2025-12-23 17:57:52","Non Presente","CAMPOSAMPIERO","TOMBOLO",,,"PLAST.CONT.STRADALI","PLAST.CONT.STRADALI (96%); PLASTICA PAP (4%)",,,2025-01-01,2025-12-31,,25,24,24,45.648238,11.829933,24,0.8,"VALID_TARGET"
"RFD20241001301",1,1,"2025-01-01 06:12:47","2025-12-31 06:18:54","2025-01-01 06:12:47","2025-12-31 06:18:54","Non Presente","CAMPOSAMPIERO","CAMPOSAMPIERO",,,,"SECCO PAP (33%); VETRO PAP (15%); UMIDO PAP (11%); CARTA CONT.STRADALI (10%); CARTA/CARTONE PAP (8%); PULIZIA TERRIT. (5%); ASSISTENTE SERVIZI (5%); VERDE PAP (3%); SERVIZI MERCATI (3%); PLASTICA PAP (2%); UMIDO CONT.STRADALI (2%); PLAST.CONT.STRADALI (2%)",,,2025-01-01,2025-12-31,,414,413,413,45.565801,11.939902,11.2,0.65,"DEPOT_STUCK"
"RFD20241002015",1,1,"2025-01-08 16:11:27","2025-12-10 15:41:35","2025-01-08 16:11:27","2025-12-10 15:41:35","Presente","CAMPOSAMPIERO","GALLIERA VENETA","VERDE E RAMAGLIE",,,,1100,1100,2025-01-01,2025-12-31,26,24,23,23,45.665591,11.819143,17,0.99,"VALID_TARGET"
"RFD20241002049",1,1,"2025-01-08 06:22:56","2025-12-24 06:41:50","2025-01-08 06:22:56","2025-12-24 06:41:50","Presente","RUBANO","TORREGLIA","SECCO",,,,1100,1100,2025-01-01,2025-12-31,26,23,23,23,45.339435,11.738078,22.4,0.99,"VALID_TARGET"
"RFD20241002053",1,1,"2025-01-08 16:08:51","2025-12-24 16:24:54","2025-01-08 16:08:51","2025-12-24 16:24:54","Presente","BASSANO","BASSANO DEL GRAPPA","VETRO",,,,1100,1100,2025-01-01,2025-12-31,26,19,19,19,45.762247,11.743626,17.5,0.97,"VALID_TARGET"
"RFD20241002071",1,1,"2025-01-08 08:15:50","2025-12-24 07:53:21","2025-01-08 08:15:50","2025-12-24 07:53:21","Presente","RUBANO","RUBANO","CARTA",,,,1100,1100,2025-01-01,2025-12-31,26,22,22,22,45.432609,11.784659,21.5,0.98,"VALID_TARGET"
"RFD20241002073",1,1,"2025-01-08 10:18:18","2025-12-24 10:13:54","2025-01-08 10:18:18","2025-12-24 10:13:54","Presente","RUBANO","SACCOLONGO","CARTA",,,,1100,1100,2025-01-01,2025-12-31,26,22,22,22,45.402123,11.753673,19.2,0.98,"VALID_TARGET"
"RFD20241002078",1,1,"2025-01-08 13:51:10","2025-12-24 13:46:23","2025-01-08 13:51:10","2025-12-24 13:46:23","Presente","ASIAGO","GALLIO","SECCO",,,,1100,1100,2025-01-01,2025-12-31,26,26,25,25,45.887908,11.548824,19.3,1,"VALID_TARGET"
"RFD20241002088",1,1,"2025-01-08 11:14:51","2025-11-26 11:11:11","2025-01-08 11:14:51","2025-11-26 11:11:11","Presente","ASIAGO","LUSIANA CONCO","SECCO",,,,1100,1100,2025-01-01,2025-12-31,26,21,19,19,45.799874,11.606874,17.1,0.98,"VALID_TARGET"
"RFD20241002094",1,1,"2025-01-08 14:08:19","2025-12-24 13:53:14","2025-01-08 14:08:19","2025-12-24 13:53:14","Presente","CAMPOSAMPIERO","CAMPOSAMPIERO","SECCO",,,,240,240,2025-01-01,2025-12-31,26,25,24,24,45.578783,11.923929,20.9,1,"VALID_TARGET"
"RFD20241002105",1,1,"2025-01-08 10:14:01","2025-12-10 10:08:08","2025-01-08 10:14:01","2025-12-10 10:08:08","Presente","BASSANO","ROSA'","SECCO",,,,240,240,2025-01-01,2025-12-31,26,26,24,24,45.714717,11.766812,18.4,1,"VALID_TARGET"
"RFD20241002131",1,1,"2025-01-08 09:12:55","2025-12-24 09:02:12","2025-01-08 09:12:55","2025-12-24 09:02:12","Presente","ASIAGO","FOZA","CARTA",,,,240,240,2025-01-01,2025-12-31,26,21,21,21,45.891024,11.633605,24.7,0.98,"VALID_TARGET"
"RFD20241002183",1,1,"2025-01-08 10:33:11","2025-12-24 10:15:16","2025-01-08 10:33:11","2025-12-24 10:15:16","Presente","BASSANO","CASSOLA","SECCO",,,,1100,1100,2025-01-01,2025-12-31,26,21,21,21,45.728362,11.795052,18.5,0.98,"VALID_TARGET"
"RFD20241002184",1,1,"2025-01-08 14:48:11","2025-12-24 14:09:02","2025-01-08 14:48:11","2025-12-24 14:09:02","Presente","BASSANO","BASSANO DEL GRAPPA","SECCO",,,,1100,1100,2025-01-01,2025-12-31,26,22,22,22,45.769868,11.735895,23.8,0.98,"VALID_TARGET"
"RFD20241002198",1,1,"2025-01-08 17:16:02","2025-12-24 16:48:36","2025-01-08 17:16:02","2025-12-24 16:48:36","Presente","ASIAGO","ASIAGO","VERDE E RAMAGLIE",,,,240,240,2025-01-01,2025-12-31,26,25,24,24,45.872125,11.526783,25.6,1,"VALID_TARGET"
"RFD20241002203",1,1,"2025-01-08 12:48:12","2025-12-24 13:08:44","2025-01-08 12:48:12","2025-12-24 13:08:44","Non Presente","RUBANO","ROVOLON",,,"SECCO PAP","SECCO PAP (96%); CARTA/CARTONE PAP (4%)",,,2025-01-01,2025-12-31,,28,27,27,45.369607,11.659533,17.3,0.8,"VALID_TARGET"
"RFD20241002206",1,1,"2025-01-30 15:28:25","2025-12-09 12:06:18","2025-01-30 15:28:25","2025-12-09 12:06:18","Non Presente","CAMPOSAMPIERO","SANTA GIUSTINA IN COLLE",,,,"PLAST.CONT.STRADALI (67%); VETRO PAP (33%)",,,2025-01-01,2025-12-31,,3,3,3,45.5685,11.906433,4.7,0.56,"GHOST_TAG"
"RFD20241002217",1,1,"2025-01-22 14:16:48","2025-11-26 14:34:07","2025-01-22 14:16:48","2025-11-26 14:34:07","Non Presente","CAMPOSAMPIERO","CARMIGNANO DI BRENTA",,,"VERDE PAP","VERDE PAP (89%); ASSISTENTE SERVIZI (5%); SECCO PAP (5%)",,,2025-01-01,2025-12-31,,22,19,19,45.630737,11.693495,18.8,0.8,"VALID_TARGET"
"RFD20241002229",1,1,"2025-01-22 14:35:25","2025-12-24 14:37:43","2025-01-22 14:35:25","2025-12-24 14:37:43","Non Presente","BASSANO","COLCERESA",,,,"VETRO PAP (68%); SECCO PAP (12%); UMIDO PAP (8%); ASSISTENTE SERVIZI (4%); PLAST.CONT.STRADALI (4%); SERVIZI MERCATI (4%)",,,2025-01-01,2025-12-31,,27,25,25,45.720748,11.612276,17.3,0.74,"VALID_TARGET"
"RFD20241003035",1,1,"2025-02-20 09:23:20","2025-12-25 09:11:07","2025-02-20 09:23:20","2025-12-25 09:11:07","Presente","BASSANO","COLCERESA","VETRO",,,,1100,1100,2025-01-01,2025-12-31,13,10,9,9,45.718167,11.5991,11.8,0.95,"VALID_TARGET"
"RFD20241003061",1,1,"2025-01-09 14:08:22","2025-12-25 14:23:16","2025-01-09 14:08:22","2025-12-25 14:23:16","Presente","CAMPOSAMPIERO","BORGORICCO","SECCO",,,,1100,1100,2025-01-01,2025-12-31,26,27,26,26,45.534019,11.961354,20.5,1,"VALID_TARGET"
"RFD20241003096",1,1,"2025-01-09 09:22:14","2025-12-25 09:13:31","2025-01-09 09:22:14","2025-12-25 09:13:31","Presente","CAMPOSAMPIERO","CAMPOSAMPIERO","CARTA",,,,1100,1100,2025-01-01,2025-12-31,26,26,25,25,45.571104,11.926704,13.6,1,"VALID_TARGET"
"RFD20241003127",1,1,"2025-01-09 13:45:07","2025-12-25 13:55:49","2025-01-09 13:45:07","2025-12-25 13:55:49","Presente","BASSANO","BASSANO DEL GRAPPA","UMIDO",,,,240,240,2025-01-01,2025-12-31,26,27,26,26,45.772715,11.728831,20.7,1,"VALID_TARGET"
"RFD20241003138",1,1,"2025-01-09 14:04:47","2025-12-25 14:22:52","2025-01-09 14:04:47","2025-12-25 14:22:52","Presente","CAMPOSAMPIERO","SAN PIETRO IN GU","PLASTICA E METALLI",,,,770,770,2025-01-01,2025-12-31,26,26,25,25,45.608672,11.672788,16.8,1,"VALID_TARGET"
"RFD20241003141",1,1,"2025-01-09 08:50:56","2025-12-11 08:34:13","2025-01-09 08:50:56","2025-12-11 08:34:13","Presente","CAMPOSAMPIERO","GAZZO","CARTA",,,,1100,1100,2025-01-01,2025-12-31,26,22,21,21,45.576,11.71049,23.8,0.98,"VALID_TARGET"
"RFD20241003157",1,1,"2025-01-09 10:46:00","2025-12-25 10:34:32","2025-01-09 10:46:00","2025-12-25 10:34:32","Presente","RUBANO","CAMPODORO","VETRO",,,,1100,1100,2025-01-01,2025-12-31,26,27,26,26,45.490854,11.743977,23.8,1,"VALID_TARGET"
"RFD20241003164",1,1,"2025-01-09 16:26:25","2025-12-25 16:38:52","2025-01-09 16:26:25","2025-12-25 16:38:52","Presente","BASSANO","BASSANO DEL GRAPPA","SECCO",,,,240,240,2025-01-01,2025-12-31,26,26,25,25,45.77948,11.729556,22.2,1,"VALID_TARGET"
"RFD20241003230",1,1,"2025-01-23 12:46:30","2025-12-25 13:10:56","2025-01-23 12:46:30","2025-12-25 13:10:56","Non Presente","BASSANO","SCHIAVON",,,"VETRO PAP","VETRO PAP (85%); CARTA CONT.STRADALI (5%); SECCO PAP (5%); UMIDO PAP (5%)",,,2025-01-01,2025-12-31,,21,20,20,45.69602,11.636205,16.1,0.8,"VALID_TARGET"
"RFD20241003303",1,17,"2025-01-09 17:06:13","2025-12-25 16:41:30","2025-01-09 17:06:13","2025-10-30 16:52:38","Presente","BASSANO","MUSSOLENTE","UMIDO",,,,240,240,2025-01-01,2025-12-31,26,6,26,5,45.77798,11.81206,89.6,0.65,"SCATTERED_READS / GPS_NOISE"
"RFD20241003303",2,17,"2025-01-09 17:06:13","2025-12-25 16:41:30","2025-01-23 16:42:23","2025-01-23 16:42:23","Presente","BASSANO","MUSSOLENTE","UMIDO",,,,240,240,2025-01-01,2025-12-31,26,1,26,1,45.7873,11.8088,0,0.58,"SCATTERED_READS / GPS_NOISE"
"RFD20241003303",3,17,"2025-01-09 17:06:13","2025-12-25 16:41:30","2025-02-06 17:05:54","2025-02-06 17:05:54","Presente","BASSANO","MUSSOLENTE","UMIDO",,,,240,240,2025-01-01,2025-12-31,26,1,26,1,45.776,11.8089,0,0.58,"SCATTERED_READS / GPS_NOISE"
"RFD20241003303",4,17,"2025-01-09 17:06:13","2025-12-25 16:41:30","2025-02-20 17:27:53","2025-02-20 17:27:53","Presente","BASSANO","MUSSOLENTE","UMIDO",,,,240,240,2025-01-01,2025-12-31,26,1,26,1,45.7802,11.8087,0,0.58,"SCATTERED_READS / GPS_NOISE"
"RFD20241003303",5,17,"2025-01-09 17:06:13","2025-12-25 16:41:30","2025-03-20 16:33:27","2025-03-20 16:33:27","Presente","BASSANO","MUSSOLENTE","UMIDO",,,,240,240,2025-01-01,2025-12-31,26,1,26,1,45.7783,11.8044,0,0.58,"SCATTERED_READS / GPS_NOISE"
"RFD20241003303",6,17,"2025-01-09 17:06:13","2025-12-25 16:41:30","2025-04-03 16:48:49","2025-04-03 16:48:49","Presente","BASSANO","MUSSOLENTE","UMIDO",,,,240,240,2025-01-01,2025-12-31,26,1,26,1,45.7797,11.801,0,0.58,"SCATTERED_READS / GPS_NOISE"
"RFD20241003303",7,17,"2025-01-09 17:06:13","2025-12-25 16:41:30","2025-04-17 16:52:37","2025-04-17 16:52:37","Presente","BASSANO","MUSSOLENTE","UMIDO",,,,240,240,2025-01-01,2025-12-31,26,1,26,1,45.7769,11.807,0,0.58,"SCATTERED_READS / GPS_NOISE"
"RFD20241003303",8,17,"2025-01-09 17:06:13","2025-12-25 16:41:30","2025-05-15 16:51:38","2025-11-13 16:51:35","Presente","BASSANO","MUSSOLENTE","UMIDO",,,,240,240,2025-01-01,2025-12-31,26,6,26,3,45.783033,11.806333,63.8,0.63,"SCATTERED_READS / GPS_NOISE"
"RFD20241003303",9,17,"2025-01-09 17:06:13","2025-12-25 16:41:30","2025-05-29 17:13:00","2025-05-29 17:13:00","Presente","BASSANO","MUSSOLENTE","UMIDO",,,,240,240,2025-01-01,2025-12-31,26,1,26,1,45.7769,11.8087,0,0.58,"SCATTERED_READS / GPS_NOISE"
"RFD20241003303",10,17,"2025-01-09 17:06:13","2025-12-25 16:41:30","2025-06-12 17:01:00","2025-07-24 16:49:34","Presente","BASSANO","MUSSOLENTE","UMIDO",,,,240,240,2025-01-01,2025-12-31,26,17,26,2,45.78035,11.8031,36.2,0.67,"SCATTERED_READS / GPS_NOISE"
"RFD20241003303",11,17,"2025-01-09 17:06:13","2025-12-25 16:41:30","2025-06-26 16:27:44","2025-09-04 16:41:32","Presente","BASSANO","MUSSOLENTE","UMIDO",,,,240,240,2025-01-01,2025-12-31,26,10,26,2,45.78385,11.8086,36.2,0.65,"SCATTERED_READS / GPS_NOISE"
"RFD20241003303",12,17,"2025-01-09 17:06:13","2025-12-25 16:41:30","2025-07-10 17:26:55","2025-08-21 17:03:56","Presente","BASSANO","MUSSOLENTE","UMIDO",,,,240,240,2025-01-01,2025-12-31,26,17,26,2,45.77465,11.8035,41.7,0.67,"SCATTERED_READS / GPS_NOISE"
"RFD20241003303",13,17,"2025-01-09 17:06:13","2025-12-25 16:41:30","2025-09-18 17:10:46","2025-09-18 17:10:46","Presente","BASSANO","MUSSOLENTE","UMIDO",,,,240,240,2025-01-01,2025-12-31,26,1,26,1,45.7847,11.8026,0,0.58,"SCATTERED_READS / GPS_NOISE"
"RFD20241003303",14,17,"2025-01-09 17:06:13","2025-12-25 16:41:30","2025-10-02 17:25:56","2025-10-02 17:25:56","Presente","BASSANO","MUSSOLENTE","UMIDO",,,,240,240,2025-01-01,2025-12-31,26,1,26,1,45.78,11.8053,0,0.58,"SCATTERED_READS / GPS_NOISE"
"RFD20241003303",15,17,"2025-01-09 17:06:13","2025-12-25 16:41:30","2025-11-27 16:52:08","2025-11-27 16:52:08","Presente","BASSANO","MUSSOLENTE","UMIDO",,,,240,240,2025-01-01,2025-12-31,26,1,26,1,45.7751,11.8081,0,0.58,"SCATTERED_READS / GPS_NOISE"
"RFD20241003303",16,17,"2025-01-09 17:06:13","2025-12-25 16:41:30","2025-12-11 16:52:37","2025-12-11 16:52:37","Presente","BASSANO","MUSSOLENTE","UMIDO",,,,240,240,2025-01-01,2025-12-31,26,1,26,1,45.7788,11.806,0,0.58,"SCATTERED_READS / GPS_NOISE"
"RFD20241003303",17,17,"2025-01-09 17:06:13","2025-12-25 16:41:30","2025-12-25 16:41:30","2025-12-25 16:41:30","Presente","BASSANO","MUSSOLENTE","UMIDO",,,,240,240,2025-01-01,2025-12-31,26,1,26,1,45.7764,11.8049,0,0.58,"SCATTERED_READS / GPS_NOISE"
"RFD20241004003",1,1,"2025-01-10 08:14:47","2025-12-26 08:36:39","2025-01-10 08:14:47","2025-12-26 08:36:39","Presente","RUBANO","RUBANO","SECCO",,,,240,240,2025-01-01,2025-12-31,26,26,25,25,45.436388,11.785584,24.5,1,"VALID_TARGET"
"RFD20241004028",1,1,"2025-01-10 10:40:40","2025-12-26 11:12:38","2025-01-10 10:40:40","2025-12-26 11:12:38","Presente","ASIAGO","ROTZO","CARTA",,,,240,240,2025-01-01,2025-12-31,26,26,25,25,45.859836,11.393964,26.6,1,"VALID_TARGET"
"RFD20241004044",1,1,"2025-01-24 14:02:39","2025-12-26 14:16:41","2025-01-24 14:02:39","2025-12-26 14:16:41","Presente","BASSANO","TEZZE SUL BRENTA","SECCO",,,,240,240,2025-01-01,2025-12-31,26,19,18,18,45.68075,11.693656,17,0.97,"VALID_TARGET"
"RFD20241004065",1,1,"2025-01-10 06:31:10","2025-12-26 06:33:11","2025-01-10 06:31:10","2025-12-26 06:33:11","Presente","CAMPOSAMPIERO","SAN PIETRO IN GU","SECCO",,,,1100,1100,2025-01-01,2025-12-31,26,20,20,20,45.615435,11.6652,17.8,0.98,"VALID_TARGET"
"RFD20241004115",1,1,"2025-01-10 16:22:27","2025-12-26 16:20:09","2025-01-10 16:22:27","2025-12-26 16:20:09","Presente","RUBANO","RUBANO","VETRO",,,,1100,1100,2025-01-01,2025-12-31,26,25,24,24,45.429142,11.784888,22.5,1,"VALID_TARGET"
"RFD20241004123",1,2,"2025-01-10 09:15:24","2025-12-26 08:45:49","2025-01-10 09:15:24","2025-09-19 08:57:41","Presente","CAMPOSAMPIERO","CITTADELLA","CARTA",,,,240,240,2025-01-01,2025-12-31,26,26,24,18,45.648928,11.778239,18.4,0.98,"RELOCATED_BIN"
"RFD20241004123",2,2,"2025-01-10 09:15:24","2025-12-26 08:45:49","2025-10-03 09:02:23","2025-12-26 08:45:49","Presente","CAMPOSAMPIERO","CITTADELLA","CARTA",,,,240,240,2025-01-01,2025-12-31,26,26,24,6,45.6555,11.7833,17.3,0.83,"RELOCATED_BIN"
"RFD20241004137",1,1,"2025-01-10 10:57:30","2025-12-26 10:37:22","2025-01-10 10:57:30","2025-12-26 10:37:22","Presente","CAMPOSAMPIERO","BORGORICCO","SECCO",,,,1100,1100,2025-01-01,2025-12-31,26,27,26,26,45.527269,11.970935,20.7,1,"VALID_TARGET"
"RFD20241004159",1,1,"2025-01-10 10:29:01","2025-12-12 10:13:21","2025-01-10 10:29:01","2025-12-12 10:13:21","Presente","RUBANO","RUBANO","CARTA",,,,1100,1100,2025-01-01,2025-12-31,26,24,23,23,45.441465,11.787983,22.5,0.99,"VALID_TARGET"
"RFD20241004177",1,1,"2025-01-10 14:49:30","2025-12-26 14:36:22","2025-01-10 14:49:30","2025-12-26 14:36:22","Presente","BASSANO","BASSANO DEL GRAPPA","PLASTICA E METALLI",,,,770,770,2025-01-01,2025-12-31,26,22,22,22,45.766709,11.733477,13.5,0.98,"VALID_TARGET"
"RFD20241004185",1,1,"2025-01-10 16:47:28","2025-12-26 16:56:33","2025-01-10 16:47:28","2025-12-26 16:56:33","Presente","RUBANO","SACCOLONGO","VETRO",,,,1100,1100,2025-01-01,2025-12-31,26,23,23,23,45.403283,11.749796,24,0.99,"VALID_TARGET"
"RFD20241004197",1,1,"2025-01-10 10:12:18","2025-12-26 10:22:32","2025-01-10 10:12:18","2025-12-26 10:22:32","Presente","ASIAGO","ASIAGO","CARTA",,,,240,240,2025-01-01,2025-12-31,26,25,24,24,45.864683,11.512492,21.3,1,"VALID_TARGET"
"RFD20241005012",1,1,"2025-01-11 13:48:55","2025-12-27 13:55:38","2025-01-11 13:48:55","2025-12-27 13:55:38","Presente","BASSANO","POVE DEL GRAPPA","SECCO",,,,1100,1100,2025-01-01,2025-12-31,26,26,25,25,45.80862,11.728524,20.6,1,"VALID_TARGET"
"RFD20241005064",1,1,"2025-01-11 17:24:36","2025-12-27 17:56:08","2025-01-11 17:24:36","2025-12-27 17:56:08","Presente","RUBANO","GALZIGNANO TERME","VERDE E RAMAGLIE",,,,240,240,2025-01-01,2025-12-31,26,19,19,19,45.306121,11.733711,16,0.97,"VALID_TARGET"
"RFD20241005091",1,1,"2025-01-11 12:23:57","2025-12-13 12:59:02","2025-01-11 12:23:57","2025-12-13 12:59:02","Presente","CAMPOSAMPIERO","SAN GIORGIO IN BOSCO","SECCO",,,,1100,1100,2025-01-01,2025-12-31,26,23,22,22,45.585282,11.805427,22.3,0.99,"VALID_TARGET"
"RFD20241005144",1,1,"2025-01-11 15:53:04","2025-12-27 15:39:28","2025-01-11 15:53:04","2025-12-27 15:39:28","Presente","RUBANO","CERVARESE SANTA CROCE","VERDE E RAMAGLIE",,,,240,240,2025-01-01,2025-12-31,26,27,26,26,45.420096,11.682915,16.2,1,"VALID_TARGET"
"RFD20241005169",1,1,"2025-01-11 14:51:01","2025-12-27 14:58:05","2025-01-11 14:51:01","2025-12-27 14:58:05","Presente","BASSANO","POZZOLEONE","VERDE E RAMAGLIE",,,,240,240,2025-01-01,2025-12-31,26,27,26,26,45.647127,11.682358,21,1,"VALID_TARGET"
"RFD20241006007",1,1,"2025-01-12 08:54:19","2025-01-12 08:54:19","2025-01-12 08:54:19","2025-01-12 08:54:19","Presente","BASSANO","ROSSANO VENETO","CARTA",,,,240,240,2025-01-01,2025-12-31,26,1,1,1,45.7103,11.7936,0,0.68,"GHOST_TAG"
"RFD20241006066",1,1,"2025-01-12 09:30:48","2025-12-28 09:37:40","2025-01-12 09:30:48","2025-12-28 09:37:40","Presente","RUBANO","GALZIGNANO TERME","CARTA",,,,1100,1100,2025-01-01,2025-12-31,26,25,24,24,45.310392,11.732129,15,1,"VALID_TARGET"
"RFD20241006095",1,1,"2025-01-12 11:06:46","2025-12-28 10:38:03","2025-01-12 11:06:46","2025-12-28 10:38:03","Presente","RUBANO","CAMPODORO","CARTA",,,,1100,1100,2025-01-01,2025-12-31,26,21,21,21,45.485571,11.745324,17.2,0.98,"VALID_TARGET"
"RFD20241006101",1,1,"2025-01-12 07:02:40","2025-12-28 07:24:01","2025-01-12 07:02:40","2025-12-28 07:24:01","Presente","CAMPOSAMPIERO","CAMPOSAMPIERO","CARTA",,,,1100,1100,2025-01-01,2025-12-31,26,26,25,25,45.577532,11.932944,19.1,1,"VALID_TARGET"
"RFD20241006134",1,1,"2025-01-12 10:39:42","2025-12-28 11:35:12","2025-01-12 10:39:42","2025-12-28 11:35:12","Presente","CAMPOSAMPIERO","CAMPODARSEGO","CARTA",,,,240,240,2025-01-01,2025-12-31,26,19,19,19,45.503105,11.900937,20.6,0.97,"VALID_TARGET"
"RFD20241006147",1,1,"2025-01-26 07:21:22","2025-12-28 07:00:00","2025-01-26 07:21:22","2025-12-28 07:00:00","Presente","RUBANO","TORREGLIA","CARTA",,,,240,240,2025-01-01,2025-12-31,26,21,20,20,45.33145,11.737365,27.9,0.98,"VALID_TARGET"
"RFD20241006168",1,1,"2025-01-12 08:49:40","2025-12-28 08:53:57","2025-01-12 08:49:40","2025-12-28 08:53:57","Presente","CAMPOSAMPIERO","MASSANZAGO","CARTA",,,,1100,1100,2025-01-01,2025-12-31,26,23,23,23,45.547117,12.010578,23.9,0.99,"VALID_TARGET"
"RFD20241006174",1,1,"2025-01-12 07:58:51","2025-12-28 07:48:47","2025-01-12 07:58:51","2025-12-28 07:48:47","Presente","RUBANO","GALZIGNANO TERME","CARTA",,,,240,240,2025-01-01,2025-12-31,26,23,23,23,45.306922,11.71637,22.8,0.99,"VALID_TARGET"
"RFD20241006180",1,1,"2025-01-12 08:52:49","2025-12-28 09:20:12","2025-01-12 08:52:49","2025-12-28 09:20:12","Presente","CAMPOSAMPIERO","FONTANIVA","CARTA",,,,240,240,2025-01-01,2025-12-31,26,26,25,25,45.636084,11.754324,19.4,1,"VALID_TARGET"
"RFD20241006192",1,1,"2025-01-12 09:10:16","2025-12-28 09:23:37","2025-01-12 09:10:16","2025-12-28 09:23:37","Presente","CAMPOSAMPIERO","TOMBOLO","CARTA",,,,1100,1100,2025-01-01,2025-12-31,26,20,20,20,45.65106,11.827415,17.9,0.98,"VALID_TARGET"
"RFD20241007039",1,1,"2025-01-13 14:03:03","2025-12-29 13:30:53","2025-01-13 14:03:03","2025-12-29 13:30:53","Presente","CAMPOSAMPIERO","BORGORICCO","VETRO",,,,770,770,2025-01-01,2025-12-31,26,26,25,25,45.528696,11.968152,23,1,"VALID_TARGET"
"RFD20241007043",1,1,"2025-01-13 06:20:03","2025-12-29 06:33:20","2025-01-13 06:20:03","2025-12-29 06:33:20","Presente","BASSANO","POVE DEL GRAPPA","UMIDO",,,,240,240,2025-01-01,2025-12-31,26,25,24,24,45.795488,11.734688,19.2,1,"VALID_TARGET"
"RFD20241007054",1,1,"2025-01-13 14:59:25","2025-12-29 15:14:31","2025-01-13 14:59:25","2025-12-29 15:14:31","Presente","CAMPOSAMPIERO","TOMBOLO","UMIDO",,,,240,240,2025-01-01,2025-12-31,26,20,20,20,45.652675,11.816505,21.5,0.98,"VALID_TARGET"
"RFD20241007067",1,2,"2025-01-13 13:47:51","2025-12-29 13:53:28","2025-01-13 13:47:51","2025-10-06 13:23:49","Presente","RUBANO","SACCOLONGO","UMIDO",,,,770,770,2025-01-01,2025-12-31,26,26,24,19,45.399389,11.745558,24.3,0.98,"RELOCATED_BIN"
"RFD20241007067",2,2,"2025-01-13 13:47:51","2025-12-29 13:53:28","2025-11-03 13:49:22","2025-12-29 13:53:28","Presente","RUBANO","SACCOLONGO","UMIDO",,,,770,770,2025-01-01,2025-12-31,26,32,24,5,45.391,11.7533,21.8,0.78,"RELOCATED_BIN"
"RFD20241007076",1,1,"2025-01-13 14:56:53","2025-12-29 15:12:58","2025-01-13 14:56:53","2025-12-29 15:12:58","Presente","BASSANO","BASSANO DEL GRAPPA","VETRO",,,,1100,1100,2025-01-01,2025-12-31,26,25,24,24,45.771712,11.730567,13.3,1,"VALID_TARGET"
"RFD20241007081",1,1,"2025-01-13 15:41:28","2025-12-29 15:10:18","2025-01-13 15:41:28","2025-12-29 15:10:18","Presente","BASSANO","ROSA'","VETRO",,,,1100,1100,2025-01-01,2025-12-31,26,25,24,24,45.721383,11.765042,26.7,1,"VALID_TARGET"
"RFD20241007090",1,1,"2025-01-13 12:07:26","2025-12-29 12:18:57","2025-01-13 12:07:26","2025-12-29 12:18:57","Presente","BASSANO","COLCERESA","SECCO",,,,1100,1100,2025-01-01,2025-12-31,26,21,21,21,45.716629,11.607786,19.1,0.98,"VALID_TARGET"
"RFD20241007113",1,1,"2025-01-13 07:57:57","2025-12-29 07:58:29","2025-01-13 07:57:57","2025-12-29 07:58:29","Presente","RUBANO","RUBANO","SECCO",,,,1100,1100,2025-01-01,2025-12-31,26,19,19,19,45.424779,11.789889,18,0.97,"VALID_TARGET"
"RFD20241007120",1,1,"2025-01-13 17:25:34","2025-12-29 16:57:41","2025-01-13 17:25:34","2025-12-29 16:57:41","Presente","RUBANO","RUBANO","SECCO",,,,1100,1100,2025-01-01,2025-12-31,26,27,26,26,45.433385,11.785238,21.8,1,"VALID_TARGET"
"RFD20241007126",1,1,"2025-01-13 07:07:01","2025-12-29 07:38:56","2025-01-13 07:07:01","2025-12-29 07:38:56","Presente","BASSANO","POZZOLEONE","SECCO",,,,1100,1100,2025-01-01,2025-12-31,26,26,25,25,45.647632,11.683696,21.1,1,"VALID_TARGET"
"RFD20241007142",1,1,"2025-01-13 08:34:09","2025-12-29 08:17:30","2025-01-13 08:34:09","2025-12-29 08:17:30","Presente","RUBANO","MONTEGROTTO TERME","UMIDO",,,,770,770,2025-01-01,2025-12-31,26,26,25,25,45.336048,11.788568,21.3,1,"VALID_TARGET"
"RFD20241007146",1,1,"2025-01-13 09:24:38","2025-12-29 08:59:19","2025-01-13 09:24:38","2025-12-29 08:59:19","Presente","RUBANO","GALZIGNANO TERME","SECCO",,,,240,240,2025-01-01,2025-12-31,26,26,25,25,45.301848,11.733496,23.8,1,"VALID_TARGET"
"RFD20241007148",1,1,"2025-01-13 15:24:40","2025-12-29 15:38:36","2025-01-13 15:24:40","2025-12-29 15:38:36","Presente","BASSANO","BASSANO DEL GRAPPA","UMIDO",,,,240,240,2025-01-01,2025-12-31,26,25,24,24,45.774446,11.721362,20.2,1,"VALID_TARGET"
"RFD20241007190",1,1,"2025-01-13 12:26:11","2025-12-29 13:29:24","2025-01-13 12:26:11","2025-12-29 13:29:24","Presente","RUBANO","RUBANO","CARTA","SECCO > CARTA",,,1100,1100,2025-01-01,2025-12-31,26,26,25,25,45.433552,11.779424,16.8,0.92,"VALID_TARGET"
"RFD20241007193",1,1,"2025-01-13 13:11:50","2025-12-15 13:06:56","2025-01-13 13:11:50","2025-12-15 13:06:56","Presente","CAMPOSAMPIERO","GALLIERA VENETA","SECCO",,,,240,240,2025-01-01,2025-12-31,26,23,22,22,45.664505,11.833532,16.7,0.99,"VALID_TARGET"
"RFD20241007233",1,1,"2025-01-13 14:04:48","2025-12-01 14:10:34","2025-01-13 14:04:48","2025-12-01 14:10:34","Non Presente","RUBANO","MONTEGROTTO TERME",,,"UMIDO CONT.STRADALI","UMIDO CONT.STRADALI (86%); CARTA/CARTONE PAP (5%); SECCO PAP (5%); VETRO PAP (5%)",,,2025-01-01,2025-12-31,,24,22,22,45.329855,11.801405,17.2,0.8,"VALID_TARGET"
"RFD20241008023",1,1,"2025-01-14 13:13:48","2025-12-30 13:02:34","2025-01-14 13:13:48","2025-12-30 13:02:34","Presente","RUBANO","GALZIGNANO TERME","PLASTICA E METALLI",,,,770,770,2025-01-01,2025-12-31,26,25,24,24,45.302154,11.724233,18.9,1,"VALID_TARGET"
"RFD20241008026",1,1,"2025-01-14 09:07:57","2025-12-30 09:07:19","2025-01-14 09:07:57","2025-12-30 09:07:19","Presente","BASSANO","POVE DEL GRAPPA","VETRO",,,,1100,1100,2025-01-01,2025-12-31,26,25,24,24,45.792333,11.730462,19.5,1,"VALID_TARGET"
"RFD20241008032",1,1,"2025-01-14 15:41:56","2025-12-30 16:12:01","2025-01-14 15:41:56","2025-12-30 16:12:01","Presente","RUBANO","SACCOLONGO","PLASTICA E METALLI",,,,770,770,2025-01-01,2025-12-31,26,23,23,23,45.398291,11.748465,23.4,0.99,"VALID_TARGET"
"RFD20241008059",1,1,"2025-01-14 10:34:41","2025-12-30 10:14:21","2025-01-14 10:34:41","2025-12-30 10:14:21","Presente","RUBANO","SELVAZZANO DENTRO","UMIDO",,,,240,240,2025-01-01,2025-12-31,26,23,23,23,45.402257,11.79427,18.9,0.99,"VALID_TARGET"
"RFD20241008062",1,1,"2025-01-14 10:29:00","2025-12-30 10:20:53","2025-01-14 10:29:00","2025-12-30 10:20:53","Presente","RUBANO","ROVOLON","CARTA",,,,1100,1100,2025-01-01,2025-12-31,26,22,22,22,45.362877,11.665418,17.2,0.98,"VALID_TARGET"
"RFD20241008077",1,1,"2025-01-14 12:45:13","2025-12-30 13:06:21","2025-01-14 12:45:13","2025-12-30 13:06:21","Presente","RUBANO","ROVOLON","SECCO",,,,1100,1100,2025-01-01,2025-12-31,26,21,21,21,45.361738,11.663533,18.7,0.98,"VALID_TARGET"
"RFD20241008099",1,1,"2025-01-14 16:24:05","2025-12-30 16:16:32","2025-01-14 16:24:05","2025-12-30 16:16:32","Presente","BASSANO","ROSA'","SECCO",,,,1100,1100,2025-01-01,2025-12-31,26,26,25,25,45.717404,11.767652,22.1,1,"VALID_TARGET"
"RFD20241008102",1,1,"2025-01-14 13:40:11","2025-12-30 14:20:19","2025-01-14 13:40:11","2025-12-30 14:20:19","Presente","ASIAGO","FOZA","SECCO",,,,1100,1100,2025-01-01,2025-12-31,26,26,25,25,45.889796,11.626896,16.8,1,"VALID_TARGET"
"RFD20241008155",1,1,"2025-01-14 13:20:57","2025-12-30 13:15:47","2025-01-14 13:20:57","2025-12-30 13:15:47","Presente","ASIAGO","ASIAGO","SECCO",,,,240,240,2025-01-01,2025-12-31,26,21,21,21,45.87539,11.520205,26.5,0.98,"VALID_TARGET"
"RFD20241008171",1,1,"2025-01-14 06:11:14","2025-12-30 06:18:40","2025-01-14 06:11:14","2025-12-30 06:18:40","Presente","BASSANO","ROSA'","CARTA",,,,240,240,2025-01-01,2025-12-31,26,19,19,19,45.727974,11.7642,25.1,0.97,"VALID_TARGET"
"RFD20241008187",1,1,"2025-01-14 16:19:38","2025-12-30 15:49:38","2025-01-14 16:19:38","2025-12-30 15:49:38","Presente","CAMPOSAMPIERO","GALLIERA VENETA","PLASTICA E METALLI",,,,770,770,2025-01-01,2025-12-31,26,25,24,24,45.658417,11.826521,20.2,1,"VALID_TARGET"
"RFD20241008208",1,1,"2025-01-06 06:31:14","2025-12-22 06:34:53","2025-01-06 06:31:14","2025-12-22 06:34:53","Non Presente","ASIAGO","ASIAGO",,,,"UMIDO PAP (76%); PLASTICA PAP (8%); SECCO PAP (8%); PLAST.CONT.STRADALI (4%); SERVIZI MERCATI (4%)",,,2025-01-01,2025-12-31,,26,25,25,45.86668,11.512312,19.9,0.78,"VALID_TARGET"
"RFD20241008231",1,1,"2025-01-04 14:46:42","2025-12-20 15:56:28","2025-01-04 14:46:42","2025-12-20 15:56:28","Non Presente","BASSANO","TEZZE SUL BRENTA",,,"VERDE PAP","VERDE PAP (92%); PLAST.CONT.STRADALI (4%); UMIDO PAP (4%)",,,2025-01-01,2025-12-31,,27,26,26,45.686638,11.700088,19.2,0.8,"VALID_TARGET"
"RFD20241009041",1,1,"2025-01-15 07:47:02","2025-12-17 07:22:22","2025-01-15 07:47:02","2025-12-17 07:22:22","Presente","CAMPOSAMPIERO","SANTA GIUSTINA IN COLLE","SECCO",,,,1100,1100,2025-01-01,2025-12-31,26,23,22,22,45.565332,11.898755,14.9,0.99,"VALID_TARGET"
"RFD20241009045",1,1,"2025-01-01 14:17:13","2025-12-31 14:25:26","2025-01-01 14:17:13","2025-12-31 14:25:26","Presente","CAMPOSAMPIERO","MASSANZAGO","VERDE E RAMAGLIE",,,,240,240,2025-01-01,2025-12-31,26,18,18,18,45.561778,12.007767,19.9,0.97,"VALID_TARGET"
"RFD20241009085",1,1,"2025-01-01 15:38:57","2025-12-31 15:35:51","2025-01-01 15:38:57","2025-12-31 15:35:51","Presente","RUBANO","LIMENA","SECCO",,,,1100,1100,2025-01-01,2025-12-31,26,23,23,23,45.484343,11.833735,20.5,0.99,"VALID_TARGET"
"RFD20241009093",1,1,"2025-01-01 09:43:16","2025-12-31 09:55:44","2025-01-01 09:43:16","2025-12-31 09:55:44","Presente","BASSANO","ROSSANO VENETO","SECCO",,,,1100,1100,2025-01-01,2025-12-31,26,24,24,24,45.709833,11.7972,17.2,0.99,"VALID_TARGET"
"RFD20241009106",1,1,"2025-01-01 10:29:10","2025-12-31 10:39:27","2025-01-01 10:29:10","2025-12-31 10:39:27","Presente","BASSANO","BASSANO DEL GRAPPA","SECCO",,,,240,240,2025-01-01,2025-12-31,26,27,27,27,45.767156,11.7353,19,1,"VALID_TARGET"
"RFD20241009107",1,1,"2025-01-01 13:45:58","2025-12-31 13:37:14","2025-01-01 13:45:58","2025-12-31 13:37:14","Presente","CAMPOSAMPIERO","CAMPOSAMPIERO","SECCO",,,,1100,1100,2025-01-01,2025-12-31,26,26,26,26,45.570696,11.932162,16.9,1,"VALID_TARGET"
"RFD20241009108",1,1,"2025-01-01 10:32:31","2025-12-31 11:10:19","2025-01-01 10:32:31","2025-12-31 11:10:19","Presente","BASSANO","TEZZE SUL BRENTA","SECCO",,,,240,240,2025-01-01,2025-12-31,26,27,27,27,45.695474,11.710741,22.5,1,"VALID_TARGET"
"RFD20241009111",1,1,"2025-01-01 08:49:02","2025-12-31 09:30:19","2025-01-01 08:49:02","2025-12-31 09:30:19","Presente","CAMPOSAMPIERO","SAN PIETRO IN GU","SECCO",,,,240,240,2025-01-01,2025-12-31,26,24,24,24,45.608596,11.674271,22.5,0.99,"VALID_TARGET"
"RFD20241009128",1,1,"2025-01-01 07:35:23","2025-12-31 07:34:17","2025-01-01 07:35:23","2025-12-31 07:34:17","Presente","RUBANO","SACCOLONGO","SECCO",,,,1100,1100,2025-01-01,2025-12-31,26,26,26,26,45.411054,11.737031,19.2,1,"VALID_TARGET"
"RFD20241009140",1,1,"2025-01-01 15:45:35","2025-12-17 15:35:44","2025-01-01 15:45:35","2025-12-17 15:35:44","Presente","ASIAGO","ENEGO","SECCO",,,,1100,1100,2025-01-01,2025-12-31,26,25,24,24,45.944896,11.721029,21.5,1,"VALID_TARGET"
"RFD20241009150",1,1,"2025-01-01 14:31:04","2025-12-31 13:59:33","2025-01-01 14:31:04","2025-12-31 13:59:33","Presente","CAMPOSAMPIERO","CAMPOSAMPIERO","VETRO",,,,1100,1100,2025-01-01,2025-12-31,26,27,27,27,45.579207,11.932526,17,1,"VALID_TARGET"
"RFD20241009151",1,1,"2025-01-01 06:40:26","2025-12-17 06:50:56","2025-01-01 06:40:26","2025-12-17 06:50:56","Presente","CAMPOSAMPIERO","LOREGGIA","SECCO",,,,240,240,2025-01-01,2025-12-31,26,26,25,25,45.593996,11.939368,23,1,"VALID_TARGET"
"RFD20241009189",1,1,"2025-01-01 08:31:10","2025-12-31 08:26:00","2025-01-01 08:31:10","2025-12-31 08:26:00","Presente","RUBANO","RUBANO","SECCO",,,,1100,1100,2025-01-01,2025-12-31,26,26,26,26,45.423346,11.790323,18.9,1,"VALID_TARGET"
"RFD20241009205",1,1,"2025-01-01 14:46:52","2025-12-31 14:47:06","2025-01-01 14:46:52","2025-12-31 14:47:06","Non Presente","ASIAGO","ASIAGO",,,"VERDE PAP","VERDE PAP (96%); CARTA CONT.STRADALI (4%)",,,2025-01-01,2025-12-31,,23,23,23,45.867743,11.501709,22.5,0.8,"VALID_TARGET"
"RFD20241009218",1,1,"2025-01-01 11:37:03","2025-12-31 11:02:41","2025-01-01 11:37:03","2025-12-31 11:02:41","Non Presente","CAMPOSAMPIERO","SANTA GIUSTINA IN COLLE",,,"CARTA CONT.STRADALI","CARTA CONT.STRADALI (96%); CARTA/CARTONE PAP (4%)",,,2025-01-01,2025-12-31,,24,24,24,45.558883,11.913654,14.7,0.8,"VALID_TARGET"
"RFD20241009227",1,1,"2025-01-15 10:49:05","2025-12-19 10:26:41","2025-01-15 10:49:05","2025-12-19 10:26:41","Non Presente","ASIAGO","GALLIO",,,,"SECCO PAP (59%); CARTA CONT.STRADALI (11%); UMIDO PAP (7%); VETRO PAP (7%); ASSISTENTE SERVIZI (4%); CARTA/CARTONE PAP (4%); PLAST.CONT.STRADALI (4%); SERVIZI MERCATI (4%)",,,2025-01-01,2025-12-31,,29,27,27,45.89637,11.550844,19.3,0.7,"VALID_TARGET"
"RFD20241010013",1,1,"2025-01-02 09:56:08","2025-12-18 10:05:13","2025-01-02 09:56:08","2025-12-18 10:05:13","Presente","BASSANO","BASSANO DEL GRAPPA","CARTA",,,,1100,1100,2025-01-01,2025-12-31,26,22,22,22,45.780318,11.740282,20.3,0.98,"VALID_TARGET"
"RFD20241010022",1,1,"2025-01-02 14:11:09","2025-12-18 14:04:14","2025-01-02 14:11:09","2025-12-18 14:04:14","Presente","CAMPOSAMPIERO","SAONARA","PLASTICA E METALLI",,,,770,770,2025-01-01,2025-12-31,26,27,26,26,45.366581,11.984004,23.1,1,"VALID_TARGET"
"RFD20241010068",1,1,"2025-01-02 08:03:36","2025-12-18 07:50:57","2025-01-02 08:03:36","2025-12-18 07:50:57","Presente","RUBANO","CAMPODORO","UMIDO",,,,240,240,2025-01-01,2025-12-31,26,27,26,26,45.489754,11.745115,18.6,1,"VALID_TARGET"
"RFD20241010069",1,1,"2025-01-16 16:48:57","2025-12-18 17:03:58","2025-01-16 16:48:57","2025-12-18 17:03:58","Presente","BASSANO","ROSA'","SECCO",,,,240,240,2025-01-01,2025-12-31,26,27,25,25,45.730908,11.75894,23.8,1,"VALID_TARGET"
"RFD20241010074",1,2,"2025-01-02 16:07:36","2025-11-20 17:00:26","2025-01-02 16:07:36","2025-04-10 16:40:46","Presente","CAMPOSAMPIERO","CARMIGNANO DI BRENTA","SECCO",,,,1100,1100,2025-01-01,2025-12-31,26,22,16,6,45.6266,11.7051,23.6,0.82,"RELOCATED_BIN"
"RFD20241010074",2,2,"2025-01-02 16:07:36","2025-11-20 17:00:26","2025-06-19 16:09:11","2025-11-20 17:00:26","Presente","CAMPOSAMPIERO","CARMIGNANO DI BRENTA","SECCO",,,,1100,1100,2025-01-01,2025-12-31,26,23,16,10,45.62101,11.69951,14.2,0.95,"RELOCATED_BIN"
"RFD20241010079",1,1,"2025-01-02 15:28:22","2025-12-18 15:32:02","2025-01-02 15:28:22","2025-12-18 15:32:02","Presente","ASIAGO","FOZA","PLASTICA E METALLI",,,,770,770,2025-01-01,2025-12-31,26,22,22,22,45.887064,11.625,19.8,0.98,"VALID_TARGET"
"RFD20241010109",1,1,"2025-01-02 14:32:26","2025-12-18 14:23:41","2025-01-02 14:32:26","2025-12-18 14:23:41","Presente","BASSANO","BASSANO DEL GRAPPA","UMIDO",,,,770,770,2025-01-01,2025-12-31,26,22,22,22,45.776686,11.733173,20.8,0.98,"VALID_TARGET"
"RFD20241010119",1,1,"2025-01-16 15:19:48","2025-12-18 15:36:26","2025-01-16 15:19:48","2025-12-18 15:36:26","Presente","CAMPOSAMPIERO","SANTA GIUSTINA IN COLLE","SECCO",,,,1100,1100,2025-01-01,2025-12-31,26,23,22,22,45.562314,11.907459,20.4,0.99,"VALID_TARGET"
"RFD20241010154",1,1,"2025-01-02 15:03:17","2025-12-18 15:06:40","2025-01-02 15:03:17","2025-12-18 15:06:40","Presente","ASIAGO","ASIAGO","PLASTICA E METALLI",,,,770,770,2025-01-01,2025-12-31,26,26,25,25,45.864104,11.516028,16.3,1,"VALID_TARGET"
"RFD20241010178",1,1,"2025-01-02 14:01:58","2025-12-18 13:37:31","2025-01-02 14:01:58","2025-12-18 13:37:31","Presente","CAMPOSAMPIERO","GALLIERA VENETA","UMIDO",,,,240,240,2025-01-01,2025-12-31,26,21,21,21,45.658867,11.82489,26,0.98,"VALID_TARGET"
"RFD20241010194",1,1,"2025-01-02 09:32:17","2025-12-18 09:57:41","2025-01-02 09:32:17","2025-12-18 09:57:41","Presente","BASSANO","BASSANO DEL GRAPPA","CARTA",,,,240,240,2025-01-01,2025-12-31,26,22,22,22,45.781318,11.730868,20.3,0.98,"VALID_TARGET"
"RFD20241010195",1,1,"2025-01-02 15:19:18","2025-12-18 14:50:48","2025-01-02 15:19:18","2025-12-18 14:50:48","Presente","RUBANO","GALZIGNANO TERME","UMIDO",,,,240,240,2025-01-01,2025-12-31,26,16,16,16,45.315375,11.732131,16.2,0.96,"VALID_TARGET"
"RFD20241011004",1,1,"2025-01-17 17:40:47","2025-12-19 17:51:21","2025-01-17 17:40:47","2025-12-19 17:51:21","Presente","BASSANO","ROMANO D'EZZELINO","SECCO",,,,240,240,2025-01-01,2025-12-31,26,26,24,24,45.792212,11.767288,21.1,1,"VALID_TARGET"
"RFD20241011019",1,1,"2025-01-03 16:17:45","2025-12-19 16:23:55","2025-01-03 16:17:45","2025-12-19 16:23:55","Presente","CAMPOSAMPIERO","PIOMBINO DESE","PLASTICA E METALLI",,,,770,770,2025-01-01,2025-12-31,26,26,25,25,45.600112,12.003144,17.1,1,"VALID_TARGET"
"RFD20241011025",1,1,"2025-01-03 13:42:50","2025-11-07 13:36:41","2025-01-03 13:42:50","2025-11-07 13:36:41","Presente","CAMPOSAMPIERO","SAN GIORGIO DELLE PERTICHE","VETRO",,,,1100,1100,2025-01-01,2025-12-31,13,13,11,11,45.544782,11.9054,24.3,1,"VALID_TARGET"
"RFD20241011121",1,1,"2025-01-17 13:41:08","2025-12-19 13:33:27","2025-01-17 13:41:08","2025-12-19 13:33:27","Presente","RUBANO","SACCOLONGO","PLASTICA E METALLI","SECCO > PLASTICA E METALLI",,,1100,1100,2025-01-01,2025-12-31,26,22,21,21,45.408633,11.748286,17.3,0.91,"VALID_TARGET"
"RFD20241011124",1,2,"2025-01-03 14:45:20","2025-12-19 15:52:45","2025-01-03 14:45:20","2025-04-25 15:30:07","Presente","CAMPOSAMPIERO","SAN MARTINO DI LUPARI","SECCO",,,,240,240,2025-01-01,2025-12-31,26,26,25,8,45.642488,11.851375,17.4,0.88,"RELOCATED_BIN"
"RFD20241011124",2,2,"2025-01-03 14:45:20","2025-12-19 15:52:45","2025-05-09 15:12:05","2025-12-19 15:52:45","Presente","CAMPOSAMPIERO","SAN MARTINO DI LUPARI","SECCO",,,,240,240,2025-01-01,2025-12-31,26,27,25,17,45.638576,11.846147,25.1,0.96,"RELOCATED_BIN"
"RFD20241011125",1,1,"2025-01-03 16:35:52","2025-12-19 15:57:49","2025-01-03 16:35:52","2025-12-19 15:57:49","Presente","CAMPOSAMPIERO","CAMPOSAMPIERO","VETRO",,,,1100,1100,2025-01-01,2025-12-31,26,27,26,26,45.574415,11.921923,20.6,1,"VALID_TARGET"
"RFD20241011132",1,1,"2025-01-03 07:06:55","2025-12-19 07:05:13","2025-01-03 07:06:55","2025-12-19 07:05:13","Presente","CAMPOSAMPIERO","CAMPOSAMPIERO","SECCO",,,,1100,1100,2025-01-01,2025-12-31,26,22,22,22,45.577191,11.930936,16.1,0.98,"VALID_TARGET"
"RFD20241011139",1,1,"2025-01-03 09:51:55","2025-12-19 09:01:07","2025-01-03 09:51:55","2025-12-19 09:01:07","Presente","CAMPOSAMPIERO","SAN PIETRO IN GU","SECCO",,,,1100,1100,2025-01-01,2025-12-31,26,22,22,22,45.619673,11.659641,19.5,0.98,"VALID_TARGET"
"RFD20241011176",1,1,"2025-01-03 09:25:40","2025-12-05 10:10:49","2025-01-03 09:25:40","2025-12-05 10:10:49","Presente","RUBANO","LIMENA","SECCO",,,,1100,1100,2025-01-01,2025-12-31,26,19,18,18,45.467706,11.851428,23.6,0.97,"VALID_TARGET"
"RFD20241011182",1,2,"2025-01-03 15:16:19","2025-12-19 14:41:40","2025-01-03 15:16:19","2025-04-11 14:38:25","Presente","CAMPOSAMPIERO","GAZZO","VETRO",,,,1100,1100,2025-01-01,2025-12-31,26,29,23,8,45.585775,11.70465,22,0.87,"RELOCATED_BIN"
"RFD20241011182",2,2,"2025-01-03 15:16:19","2025-12-19 14:41:40","2025-04-25 15:07:24","2025-12-19 14:41:40","Presente","CAMPOSAMPIERO","GAZZO","VETRO",,,,1100,1100,2025-01-01,2025-12-31,26,23,23,15,45.592,11.699753,22.6,0.95,"RELOCATED_BIN"
"RFD20241011223",1,1,"2025-01-03 08:15:41","2025-12-19 08:41:18","2025-01-03 08:15:41","2025-12-19 08:41:18","Non Presente","ASIAGO","FOZA",,,"CARTA CONT.STRADALI","CARTA CONT.STRADALI (96%); UMIDO CONT.STRADALI (4%)",,,2025-01-01,2025-12-31,,25,24,24,45.902467,11.632312,20.3,0.8,"VALID_TARGET"
"RFD20241012047",1,1,"2025-01-04 14:05:09","2025-12-20 14:11:04","2025-01-04 14:05:09","2025-12-20 14:11:04","Presente","BASSANO","BASSANO DEL GRAPPA","VERDE E RAMAGLIE",,,,240,240,2025-01-01,2025-12-31,26,27,26,26,45.754754,11.743296,20.6,1,"VALID_TARGET"
"RFD20241012052",1,1,"2025-01-04 16:01:29","2025-12-20 16:01:07","2025-01-04 16:01:29","2025-12-20 16:01:07","Presente","BASSANO","SCHIAVON","VERDE E RAMAGLIE",,,,1100,1100,2025-01-01,2025-12-31,26,25,24,24,45.699667,11.638671,19.3,1,"VALID_TARGET"
"RFD20241012082",1,1,"2025-01-18 12:03:49","2025-12-20 12:16:25","2025-01-18 12:03:49","2025-12-20 12:16:25","Presente","CAMPOSAMPIERO","GALLIERA VENETA","SECCO",,,,240,240,2025-01-01,2025-12-31,26,22,21,21,45.65911,11.829114,23.3,0.98,"VALID_TARGET"
"RFD20241012089",1,1,"2025-01-04 15:17:23","2025-12-20 16:09:06","2025-01-04 15:17:23","2025-12-20 16:09:06","Presente","BASSANO","NOVE","VERDE E RAMAGLIE",,,,240,240,2025-01-01,2025-12-31,26,27,26,26,45.729019,11.673354,21.2,1,"VALID_TARGET"
"RFD20241012116",1,1,"2025-01-04 08:57:51","2025-12-20 09:07:21","2025-01-04 08:57:51","2025-12-20 09:07:21","Presente","RUBANO","SELVAZZANO DENTRO","CARTA",,,,240,240,2025-01-01,2025-12-31,26,22,22,22,45.395955,11.790936,24.2,0.98,"VALID_TARGET"
"RFD20241012118",1,1,"2025-01-04 07:24:45","2025-12-06 07:48:46","2025-01-04 07:24:45","2025-12-06 07:48:46","Presente","BASSANO","TEZZE SUL BRENTA","CARTA",,,,1100,1100,2025-01-01,2025-12-31,26,19,18,18,45.694461,11.706978,19.3,0.97,"VALID_TARGET"
"RFD20241013030",1,1,"2025-01-05 08:14:02","2025-12-21 08:22:57","2025-01-05 08:14:02","2025-12-21 08:22:57","Presente","BASSANO","ROSSANO VENETO","CARTA",,,,1100,1100,2025-01-01,2025-12-31,26,27,26,26,45.691342,11.799538,20.9,1,"VALID_TARGET"
"RFD20241013046",1,1,"2025-01-05 07:00:00","2025-12-21 07:13:44","2025-01-05 07:00:00","2025-12-21 07:13:44","Presente","RUBANO","GALZIGNANO TERME","CARTA",,,,240,240,2025-01-01,2025-12-31,26,21,21,21,45.308376,11.729876,16.8,0.98,"VALID_TARGET"
"RFD20241013083",1,1,"2025-01-05 08:16:46","2025-12-07 08:24:00","2025-01-05 08:16:46","2025-12-07 08:24:00","Presente","RUBANO","GALZIGNANO TERME","CARTA",,,,240,240,2025-01-01,2025-12-31,26,20,19,19,45.313779,11.739468,20.6,0.98,"VALID_TARGET"
"RFD20241013129",1,1,"2025-01-05 08:06:05","2025-12-21 07:46:34","2025-01-05 08:06:05","2025-12-21 07:46:34","Presente","CAMPOSAMPIERO","CARMIGNANO DI BRENTA","CARTA",,,,240,240,2025-01-01,2025-12-31,26,22,22,22,45.632836,11.7061,18.1,0.98,"VALID_TARGET"
"RFD20241013130",1,1,"2025-01-05 08:03:49","2025-12-21 07:47:19","2025-01-05 08:03:49","2025-12-21 07:47:19","Presente","RUBANO","CERVARESE SANTA CROCE","CARTA",,,,240,240,2025-01-01,2025-12-31,26,22,22,22,45.426745,11.685014,28.3,0.98,"VALID_TARGET"
"RFD20241013167",1,1,"2025-01-05 08:22:09","2025-12-21 07:41:14","2025-01-05 08:22:09","2025-12-21 07:41:14","Presente","ASIAGO","FOZA","CARTA",,,,240,240,2025-01-01,2025-12-31,26,19,19,19,45.900726,11.639437,18,0.97,"VALID_TARGET"
"RFD20241013172",1,1,"2025-01-05 08:49:11","2025-12-21 09:01:32","2025-01-05 08:49:11","2025-12-21 09:01:32","Presente","RUBANO","TORREGLIA","CARTA",,,,240,240,2025-01-01,2025-12-31,26,25,24,24,45.330017,11.737325,19.2,1,"VALID_TARGET"
"RFD20241014011",1,1,"2025-01-06 08:57:37","2025-12-22 09:04:55","2025-01-06 08:57:37","2025-12-22 09:04:55","Presente","CAMPOSAMPIERO","SAN MARTINO DI LUPARI","CARTA",,,,1100,1100,2025-01-01,2025-12-31,26,23,23,23,45.644265,11.862943,25.4,0.99,"VALID_TARGET"
"RFD20241014024",1,2,"2025-02-03 13:13:19","2025-12-22 13:41:37","2025-02-03 13:13:19","2025-09-15 13:33:21","Presente","CAMPOSAMPIERO","BORGORICCO","SECCO",,,,1100,1100,2025-01-01,2025-12-31,26,26,21,16,45.536175,11.967356,23.9,0.98,"RELOCATED_BIN"
"RFD20241014024",2,2,"2025-02-03 13:13:19","2025-12-22 13:41:37","2025-10-27 13:08:52","2025-12-22 13:41:37","Presente","CAMPOSAMPIERO","BORGORICCO","SECCO",,,,1100,1100,2025-01-01,2025-12-31,26,32,21,5,45.5439,11.96064,22.7,0.78,"RELOCATED_BIN"
"RFD20241014033",1,1,"2025-01-06 14:02:10","2025-12-22 14:48:51","2025-01-06 14:02:10","2025-12-22 14:48:51","Presente","ASIAGO","ROTZO","SECCO",,,,1100,1100,2025-01-01,2025-12-31,26,20,20,20,45.859295,11.400195,21.8,0.98,"VALID_TARGET"
"RFD20241014117",1,1,"2025-01-06 09:33:24","2025-12-22 09:48:11","2025-01-06 09:33:24","2025-12-22 09:48:11","Presente","CAMPOSAMPIERO","CITTADELLA","SECCO",,,,1100,1100,2025-01-01,2025-12-31,26,23,23,23,45.641626,11.783661,15,0.99,"VALID_TARGET"
"RFD20241014191",1,1,"2025-01-06 09:37:41","2025-12-22 10:09:22","2025-01-06 09:37:41","2025-12-22 10:09:22","Presente","RUBANO","ROVOLON","CARTA",,,,1100,1100,2025-01-01,2025-12-31,26,23,23,23,45.367857,11.662809,18.7,0.99,"VALID_TARGET"
"RFD20241014226",1,1,"2025-01-02 10:26:53","2025-12-22 13:41:43","2025-01-02 10:26:53","2025-12-22 13:41:43","Non Presente","RUBANO","RUBANO",,,,"UMIDO CONT.STRADALI (46%); CARTA CONT.STRADALI (19%); CARTA/CARTONE PAP (12%); SECCO PAP (8%); PLASTICA PAP (4%); PULIZIA TERRIT. (4%); SERVIZI MERCATI (4%); VETRO PAP (4%)",,,2025-01-01,2025-12-31,,26,26,26,45.429081,11.785673,23.3,0.65,"VALID_TARGET"
"RFD20241015048",1,1,"2025-01-07 15:32:32","2025-12-23 15:09:32","2025-01-07 15:32:32","2025-12-23 15:09:32","Presente","RUBANO","RUBANO","SECCO",,,,1100,1100,2025-01-01,2025-12-31,26,22,22,22,45.429473,11.792095,19.1,0.98,"VALID_TARGET"
"RFD20241015224",1,1,"2025-04-08 13:57:10","2025-10-11 17:36:35","2025-04-08 13:57:10","2025-10-11 17:36:35","Non Presente","RUBANO","SACCOLONGO",,,,"PLAST.CONT.STRADALI (33%); PLASTICA PAP (33%); VETRO PAP (33%)",,,2025-01-01,2025-12-31,,5,3,3,45.3942,11.747433,11.4,0.48,"GHOST_TAG"
"RFD20241016234",1,1,"2025-01-22 14:47:08","2025-12-10 14:28:14","2025-01-22 14:47:08","2025-12-10 14:28:14","Non Presente","CAMPOSAMPIERO","CAMPO SAN MARTINO",,,,"VERDE PAP (64%); PLAST.CONT.STRADALI (11%); CARTA CONT.STRADALI (7%); PLASTICA PAP (7%); SERVIZI MERCATI (7%); SECCO PAP (4%)",,,2025-01-01,2025-12-31,,31,28,28,45.5602,11.817129,15.7,0.72,"VALID_TARGET"
"RFD20241017034",1,1,"2025-01-09 09:03:42","2025-12-11 08:44:04","2025-01-09 09:03:42","2025-12-11 08:44:04","Presente","BASSANO","BASSANO DEL GRAPPA","VETRO",,,,1100,1100,2025-01-01,2025-12-31,13,13,12,12,45.763683,11.739033,15.7,1,"VALID_TARGET"
"RFD20241017188",1,2,"2025-01-23 07:05:38","2025-12-25 06:34:54","2025-01-23 07:05:38","2025-03-20 06:52:05","Presente","CAMPOSAMPIERO","MASSANZAGO","CARTA",,,,240,240,2025-01-01,2025-12-31,26,32,19,5,45.55588,12.01556,21,0.78,"RELOCATED_BIN"
"RFD20241017188",2,2,"2025-01-23 07:05:38","2025-12-25 06:34:54","2025-04-17 06:40:37","2025-12-25 06:34:54","Presente","CAMPOSAMPIERO","MASSANZAGO","CARTA",,,,240,240,2025-01-01,2025-12-31,26,20,19,14,45.563471,12.020843,17.1,0.95,"RELOCATED_BIN"
"RFD20241018010",1,1,"2025-01-10 15:28:46","2025-12-26 15:22:07","2025-01-10 15:28:46","2025-12-26 15:22:07","Presente","CAMPOSAMPIERO","SAONARA","SECCO",,,,1100,1100,2025-01-01,2025-12-31,26,26,25,25,45.363348,11.984624,19.1,1,"VALID_TARGET"
"RFD20241018161",1,1,"2025-01-10 09:33:38","2025-12-26 09:25:03","2025-01-10 09:33:38","2025-12-26 09:25:03","Presente","CAMPOSAMPIERO","CAMPOSAMPIERO","CARTA",,,,1100,1100,2025-01-01,2025-12-31,26,23,23,23,45.571387,11.929504,17.6,0.99,"VALID_TARGET"
"RFD20241019135",1,1,"2025-01-25 15:33:57","2025-12-13 15:31:16","2025-01-25 15:33:57","2025-12-13 15:31:16","Presente","CAMPOSAMPIERO","SAN MARTINO DI LUPARI","SECCO",,,,240,240,2025-01-01,2025-12-31,26,26,23,23,45.649991,11.8546,23.1,1,"VALID_TARGET"
"RFD20241020036",1,1,"2025-01-12 08:56:55","2025-12-28 09:19:28","2025-01-12 08:56:55","2025-12-28 09:19:28","Presente","CAMPOSAMPIERO","CITTADELLA","CARTA",,,,1100,1100,2025-01-01,2025-12-31,26,22,22,22,45.65205,11.781873,19.4,0.98,"VALID_TARGET"
"RFD20241021092",1,1,"2025-08-11 10:05:15","2025-08-11 10:05:15","2025-08-11 10:05:15","2025-08-11 10:05:15","Presente","RUBANO","MONTEGROTTO TERME","SECCO",,,,1100,1100,2025-01-01,2025-12-31,26,1,1,1,45.3284,11.7922,0,0.68,"GHOST_TAG"
"RFD20241022136",1,1,"2025-01-14 08:53:36","2025-12-30 08:55:05","2025-01-14 08:53:36","2025-12-30 08:55:05","Presente","BASSANO","ROMANO D'EZZELINO","CARTA",,,,240,240,2025-01-01,2025-12-31,26,26,25,25,45.788584,11.757128,19.2,1,"VALID_TARGET"
"RFD20241024149",1,1,"2025-02-13 08:19:08","2025-12-18 08:14:02","2025-02-13 08:19:08","2025-12-18 08:14:02","Presente","CAMPOSAMPIERO","SANTA GIUSTINA IN COLLE","VETRO",,,,1100,1100,2025-01-01,2025-12-31,13,11,10,10,45.56211,11.90861,25.2,0.98,"VALID_TARGET"
"RFD20241025029",1,1,"2025-01-17 08:19:04","2025-12-19 07:32:50","2025-01-17 08:19:04","2025-12-19 07:32:50","Presente","BASSANO","MUSSOLENTE","SECCO",,,,240,240,2025-01-01,2025-12-31,26,18,17,17,45.780312,11.792124,21.4,0.97,"VALID_TARGET"
"RFD20241025031",1,1,"2025-01-17 14:59:29","2025-12-19 15:26:44","2025-01-17 14:59:29","2025-12-19 15:26:44","Presente","BASSANO","BASSANO DEL GRAPPA","VETRO",,,,1100,1100,2025-01-01,2025-12-31,13,9,9,9,45.775867,11.746,15.9,0.94,"VALID_TARGET"
"RFD20241025060",1,1,"2025-01-17 14:51:24","2025-12-19 14:47:30","2025-01-17 14:51:24","2025-12-19 14:47:30","Presente","RUBANO","MONTEGROTTO TERME","VETRO",,,,1100,1100,2025-01-01,2025-12-31,13,14,13,13,45.333462,11.7956,19.3,0.99,"VALID_TARGET"
"RFD20241025075",1,1,"2025-01-03 16:38:08","2025-12-19 17:24:22","2025-01-03 16:38:08","2025-12-19 17:24:22","Presente","BASSANO","ROMANO D'EZZELINO","PLASTICA E METALLI",,,,770,770,2025-01-01,2025-12-31,26,23,23,23,45.796665,11.743696,16.4,0.99,"VALID_TARGET"
"RFD20241025087",1,2,"2025-01-17 14:04:09","2025-12-19 13:26:20","2025-01-17 14:04:09","2025-05-09 13:56:36","Presente","CAMPOSAMPIERO","CAMPODARSEGO","VETRO",,,,1100,1100,2025-01-01,2025-12-31,13,13,11,4,45.492325,11.89685,7.9,0.79,"RELOCATED_BIN"
"RFD20241025087",2,2,"2025-01-17 14:04:09","2025-12-19 13:26:20","2025-07-04 13:47:56","2025-12-19 13:26:20","Presente","CAMPOSAMPIERO","CAMPODARSEGO","VETRO",,,,1100,1100,2025-01-01,2025-12-31,13,15,11,7,45.496657,11.904914,19.1,0.88,"RELOCATED_BIN"
"RFD20241025170",1,1,"2025-05-09 09:27:52","2025-05-09 09:27:52","2025-05-09 09:27:52","2025-05-09 09:27:52","Presente","BASSANO","ROMANO D'EZZELINO","SECCO",,,,1100,1100,2025-01-01,2025-12-31,26,1,1,1,45.7998,11.7596,0,0.68,"GHOST_TAG"
"RFD20241025175",1,1,"2025-01-17 13:53:28","2025-12-19 14:30:30","2025-01-17 13:53:28","2025-12-19 14:30:30","Presente","RUBANO","CAMPODORO","VETRO",,,,1100,1100,2025-01-01,2025-12-31,13,9,9,9,45.489933,11.753411,20.5,0.94,"VALID_TARGET"
"RFD20241025196",1,1,"2025-01-03 11:07:53","2025-12-19 11:53:41","2025-01-03 11:07:53","2025-12-19 11:53:41","Presente","ASIAGO","ASIAGO","SECCO",,,,1100,1100,2025-01-01,2025-12-31,26,22,22,22,45.864282,11.520286,19.2,0.98,"VALID_TARGET"
"RFD20241027216",1,1,"2025-01-16 14:42:30","2025-09-04 14:18:57","2025-01-16 14:42:30","2025-09-04 14:18:57","Non Presente","RUBANO","MESTRINO",,,,"CARTA CONT.STRADALI (33%); PLAST.CONT.STRADALI (33%); SECCO PAP (33%)",,,2025-01-01,2025-12-31,,4,3,3,45.4482,11.752967,16,0.48,"GHOST_TAG"
"RFD20241028145",1,1,"2025-01-06 14:38:34","2025-12-22 14:49:25","2025-01-06 14:38:34","2025-12-22 14:49:25","Presente","RUBANO","RUBANO","UMIDO",,,,240,240,2025-01-01,2025-12-31,26,19,19,19,45.428489,11.785116,16.4,0.97,"VALID_TARGET"
"RFD20241028163",1,1,"2025-01-20 16:20:35","2025-12-08 16:41:05","2025-01-20 16:20:35","2025-12-08 16:41:05","Presente","BASSANO","ROSA'","SECCO",,,,1100,1100,2025-01-01,2025-12-31,26,22,20,20,45.727285,11.766615,17.2,0.98,"VALID_TARGET"
"RFD20241028173",1,1,"2025-01-06 15:36:30","2025-12-22 14:54:27","2025-01-06 15:36:30","2025-12-22 14:54:27","Presente","BASSANO","BASSANO DEL GRAPPA","UMIDO",,,,240,240,2025-01-01,2025-12-31,26,21,21,21,45.762495,11.741829,24.1,0.98,"VALID_TARGET"
"RFD20241028220",1,1,"2025-06-22 15:32:28","2025-08-15 14:32:33","2025-06-22 15:32:28","2025-08-15 14:32:33","Non Presente","CAMPOSAMPIERO","TOMBOLO",,,,"CARTA CONT.STRADALI (50%); VETRO PAP (50%)",,,2025-01-01,2025-12-31,,13,2,2,45.6488,11.82265,16.1,0.45,"GHOST_TAG"
"RFD20241030027",1,1,"2025-01-08 17:11:37","2025-12-24 17:42:47","2025-01-08 17:11:37","2025-12-24 17:42:47","Presente","CAMPOSAMPIERO","SAONARA","VERDE E RAMAGLIE",,,,240,240,2025-01-01,2025-12-31,26,23,23,23,45.383657,11.977378,21.8,0.99,"VALID_TARGET"
"RFD20241030037",1,1,"2025-01-08 15:08:14","2025-12-24 14:53:42","2025-01-08 15:08:14","2025-12-24 14:53:42","Presente","ASIAGO","GALLIO","SECCO",,,,1100,1100,2025-01-01,2025-12-31,26,25,24,24,45.881583,11.538504,20.4,1,"VALID_TARGET"
"RFD20241030153",1,1,"2025-04-16 14:00:10","2025-08-20 13:59:45","2025-04-16 14:00:10","2025-08-20 13:59:45","Presente","BASSANO","NOVE","VETRO",,,,1100,1100,2025-01-01,2025-12-31,26,8,3,3,45.7238,11.6764,7.8,0.76,"GHOST_TAG"
"RFD20241031097",1,1,"2025-01-23 08:39:56","2025-12-25 08:40:23","2025-01-23 08:39:56","2025-12-25 08:40:23","Presente","CAMPOSAMPIERO","SAN GIORGIO IN BOSCO","CARTA",,,,1100,1100,2025-01-01,2025-12-31,26,20,19,19,45.600895,11.814484,19.4,0.98,"VALID_TARGET"
"RFD20241031225",1,1,"2025-01-17 09:12:05","2025-12-20 14:38:45","2025-01-17 09:12:05","2025-12-20 14:38:45","Non Presente","CAMPOSAMPIERO","CAMPO SAN MARTINO",,,,"CARTA CONT.STRADALI (33%); UMIDO PAP (33%); VERDE PAP (33%)",,,2025-01-01,2025-12-31,,3,3,3,45.547233,11.818767,14.1,0.48,"GHOST_TAG"
"RFD20241101042",1,1,"2025-01-10 12:00:00","2025-12-12 12:00:00","2025-01-10 12:00:00","2025-12-12 12:00:00","Presente","RUBANO","SELVAZZANO DENTRO","SECCO",,,,1100,1100,2025-01-01,2025-12-31,26,21,20,20,45.38682,11.78919,15.9,0.98,"VALID_TARGET"
"RFD20241109214",1,1,"2025-02-17 07:48:23","2025-09-02 18:50:21","2025-02-17 07:48:23","2025-09-02 18:50:21","Non Presente","CAMPOSAMPIERO","GRANTORTO",,,,"SECCO PAP (67%); PLASTICA PAP (33%)",,,2025-01-01,2025-12-31,,5,3,3,45.604567,11.730767,17.5,0.56,"GHOST_TAG"
"RFD20241209202",1,1,"2025-02-25 09:21:53","2025-02-25 09:21:53","2025-02-25 09:21:53","2025-02-25 09:21:53","Non Presente","RUBANO","SACCOLONGO",,,"UMIDO PAP","UMIDO PAP (100%)",,,2025-01-01,2025-12-31,,1,1,1,45.3981,11.7416,0,0.58,"GHOST_TAG"
"RFD20241210020",1,1,"2025-01-07 09:40:52","2025-11-11 10:17:12","2025-01-07 09:40:52","2025-11-11 10:17:12","Presente","CAMPOSAMPIERO","SAN GIORGIO DELLE PERTICHE","VETRO",,,,770,770,2025-01-01,2025-12-31,13,13,11,11,45.534609,11.909855,21.5,1,"VALID_TARGET"
"RFD20241226156",1,1,"2025-09-04 07:42:34","2025-11-27 07:32:21","2025-09-04 07:42:34","2025-11-27 07:32:21","Presente","ASIAGO","FOZA","UMIDO",,,,240,240,2025-01-01,2025-12-31,26,17,4,4,45.891475,11.630925,10.9,0.82,"GHOST_TAG"
"RFD20250123207",1,1,"2025-01-23 08:38:36","2025-01-23 08:38:36","2025-01-23 08:38:36","2025-01-23 08:38:36","Non Presente","CAMPOSAMPIERO","LOREGGIA",,,"UMIDO PAP","UMIDO PAP (100%)",,,2025-01-01,2025-12-31,,1,1,1,45.5926,11.9398,0,0.58,"GHOST_TAG"
"RFD20250123212",1,1,"2025-01-23 10:31:00","2025-12-21 07:57:58","2025-01-23 10:31:00","2025-12-21 07:57:58","Non Presente","RUBANO","RUBANO",,,,"VETRO PAP (62%); CARTA CONT.STRADALI (21%); ASSISTENTE SERVIZI (4%); CARTA/CARTONE PAP (4%); PLAST.CONT.STRADALI (4%); UMIDO CONT.STRADALI (4%)",,,2025-01-01,2025-12-31,,26,24,24,45.427308,11.790163,19.9,0.71,"VALID_TARGET"
"RFD20250129179",1,1,"2025-01-29 10:06:17","2025-11-05 09:12:10","2025-01-29 10:06:17","2025-11-05 09:12:10","Presente","CAMPOSAMPIERO","TOMBOLO","CARTA",,,,1100,1100,2025-01-01,2025-12-31,26,5,4,4,45.64405,11.830525,14.2,0.77,"GHOST_TAG"
"RFD20250203051",1,1,"2025-02-03 08:43:17","2025-12-22 08:18:21","2025-02-03 08:43:17","2025-12-22 08:18:21","Presente","CAMPOSAMPIERO","TOMBOLO","SECCO",,,,1100,1100,2025-01-01,2025-12-31,26,17,15,15,45.65002,11.826853,18.6,0.97,"VALID_TARGET"
"RFD20250203302",1,1,"2025-02-03 17:24:00","2025-12-31 18:03:57","2025-02-03 17:24:00","2025-12-31 18:03:57","Presente","BASSANO","MAROSTICA","SECCO",,,,1100,1100,2025-01-01,2025-12-31,26,628,570,570,45.735335,11.680553,1892.6,0.65,"TRUCK_STOWAWAY"
"RFD20250205056",1,1,"2025-02-05 10:04:12","2025-12-24 10:11:13","2025-02-05 10:04:12","2025-12-24 10:11:13","Presente","CAMPOSAMPIERO","CURTAROLO","SECCO",,,,240,240,2025-01-01,2025-12-31,26,20,18,18,45.519628,11.828317,16.7,0.98,"VALID_TARGET"
"RFD20250207211",1,1,"2025-02-07 07:03:09","2025-12-26 07:00:38","2025-02-07 07:03:09","2025-12-26 07:00:38","Non Presente","BASSANO","NOVE",,,"SECCO PAP","SECCO PAP (96%); PLAST.CONT.STRADALI (4%)",,,2025-01-01,2025-12-31,,27,24,24,45.717175,11.685308,15.1,0.8,"VALID_TARGET"
"RFD20250208143",1,1,"2025-02-08 08:23:18","2025-11-15 08:31:18","2025-02-08 08:23:18","2025-11-15 08:31:18","Presente","CAMPOSAMPIERO","PIOMBINO DESE","CARTA",,,,240,240,2025-01-01,2025-12-31,26,6,5,5,45.61262,12.00448,13.2,0.8,"VALID_TARGET"
"RFD20250209219",1,1,"2025-02-09 08:06:54","2025-05-04 09:47:19","2025-02-09 08:06:54","2025-05-04 09:47:19","Non Presente","ASIAGO","ASIAGO",,,,"CARTA CONT.STRADALI (67%); UMIDO CONT.STRADALI (33%)",,,2025-01-01,2025-12-31,,13,3,3,45.8738,11.513933,20.5,0.56,"GHOST_TAG"
"RFD20250212021",1,1,"2025-02-12 17:04:13","2025-10-08 17:00:51","2025-02-12 17:04:13","2025-10-08 17:00:51","Presente","CAMPOSAMPIERO","CAMPOSAMPIERO","VETRO",,,,1100,1100,2025-01-01,2025-12-31,26,3,2,2,45.5701,11.93325,11.8,0.71,"GHOST_TAG"
"RFD20250215084",1,1,"2025-02-15 08:30:42","2025-12-20 08:41:35","2025-02-15 08:30:42","2025-12-20 08:41:35","Presente","CAMPOSAMPIERO","GRANTORTO","UMIDO",,,,240,240,2025-01-01,2025-12-31,26,22,19,19,45.608663,11.735126,16.6,0.98,"VALID_TARGET"
"RFD20250221038",1,1,"2025-02-21 09:37:42","2025-12-26 09:20:52","2025-02-21 09:37:42","2025-12-26 09:20:52","Presente","BASSANO","SCHIAVON","CARTA",,,,240,240,2025-01-01,2025-12-31,26,27,23,23,45.690165,11.632778,18.4,1,"VALID_TARGET"
"RFD20250313133",1,1,"2025-03-13 13:51:39","2025-12-18 14:14:13","2025-03-13 13:51:39","2025-12-18 14:14:13","Presente","CAMPOSAMPIERO","FONTANIVA","SECCO",,,,1100,1100,2025-01-01,2025-12-31,26,26,20,20,45.641375,11.75345,18.3,1,"VALID_TARGET"
"RFD20250325228",1,1,"2025-03-25 12:45:55","2025-12-30 12:37:03","2025-03-25 12:45:55","2025-12-30 12:37:03","Non Presente","RUBANO","LIMENA",,,"SECCO PAP","SECCO PAP (95%); PULIZIA TERRIT. (5%)",,,2025-01-01,2025-12-31,,27,21,21,45.4793,11.844881,26.3,0.8,"VALID_TARGET"
"RFD20250331008",1,1,"2025-03-31 09:05:07","2025-12-22 08:57:08","2025-03-31 09:05:07","2025-12-22 08:57:08","Presente","CAMPOSAMPIERO","CURTAROLO","CARTA",,,,240,240,2025-01-01,2025-12-31,26,27,20,20,45.52426,11.8288,17.4,1,"VALID_TARGET"
"RFD20250403104",1,1,"2025-04-03 14:17:48","2025-08-21 14:02:06","2025-04-03 14:17:48","2025-08-21 14:02:06","Presente","RUBANO","TORREGLIA","SECCO",,,,1100,1100,2025-01-01,2025-12-31,26,10,4,4,45.332875,11.73735,18.2,0.79,"GHOST_TAG"
"RFD20250418055",1,1,"2025-04-18 13:20:05","2025-12-26 13:26:01","2025-04-18 13:20:05","2025-12-26 13:26:01","Presente","ASIAGO","LUSIANA CONCO","SECCO",,,,240,240,2025-01-01,2025-12-31,26,27,19,19,45.800784,11.613958,24.4,1,"VALID_TARGET"
"RFD20250421112",1,1,"2025-04-21 13:29:12","2025-12-01 13:42:58","2025-04-21 13:29:12","2025-12-01 13:42:58","Presente","BASSANO","COLCERESA","SECCO",,,,1100,1100,2025-01-01,2025-12-31,26,4,3,3,45.720267,11.6027,10.3,0.74,"GHOST_TAG"
"RFD20250425200",1,1,"2025-04-25 10:22:59","2025-12-19 10:43:41","2025-04-25 10:22:59","2025-12-19 10:43:41","Presente","CAMPOSAMPIERO","SAN GIORGIO DELLE PERTICHE","SECCO",,,,1100,1100,2025-01-01,2025-12-31,26,24,16,16,45.5441,11.926087,15.7,0.99,"VALID_TARGET"
"RFD20250505014",1,1,"2025-05-05 12:19:43","2025-05-05 12:19:43","2025-05-05 12:19:43","2025-05-05 12:19:43","Presente","BASSANO","ROMANO D'EZZELINO","CARTA",,,,240,240,2025-01-01,2025-12-31,26,1,1,1,45.7899,11.7595,0,0.68,"GHOST_TAG"
"RFD20250505199",1,1,"2025-05-05 13:48:33","2025-12-29 13:39:12","2025-05-05 13:48:33","2025-12-29 13:39:12","Presente","RUBANO","RUBANO","UMIDO",,,,240,240,2025-01-01,2025-12-31,26,27,18,18,45.428017,11.788611,17.7,1,"VALID_TARGET"
"RFD20250508213",1,1,"2025-05-08 15:43:12","2025-06-24 14:34:50","2025-05-08 15:43:12","2025-06-24 14:34:50","Non Presente","BASSANO","COLCERESA",,,,"PLAST.CONT.STRADALI (67%); PULIZIA TERRIT. (33%)",,,2025-01-01,2025-12-31,,23,3,3,45.725433,11.6033,15.5,0.56,"GHOST_TAG"
"RFD20250509017",1,1,"2025-05-09 08:01:10","2025-12-19 07:35:18","2025-05-09 08:01:10","2025-12-19 07:35:18","Presente","CAMPOSAMPIERO","CAMPOSAMPIERO","SECCO",,,,1100,1100,2025-01-01,2025-12-31,26,22,14,14,45.5766,11.932329,19.4,0.98,"VALID_TARGET"
"RFD20250512016",1,1,"2025-05-12 08:12:08","2025-10-27 08:21:25","2025-05-12 08:12:08","2025-10-27 08:21:25","Presente","BASSANO","MUSSOLENTE","SECCO",,,,1100,1100,2025-01-01,2025-12-31,26,6,3,3,45.774733,11.8024,10.3,0.75,"GHOST_TAG"
"RFD20250512160",1,1,"2025-05-12 09:29:27","2025-06-23 09:10:47","2025-05-12 09:29:27","2025-06-23 09:10:47","Presente","ASIAGO","ASIAGO","SECCO",,,,1100,1100,2025-01-01,2025-12-31,26,17,2,2,45.8624,11.524,13.6,0.77,"GHOST_TAG"
"RFD20250514018",1,1,"2025-05-14 08:45:48","2025-12-24 08:22:09","2025-05-14 08:45:48","2025-12-24 08:22:09","Presente","BASSANO","POVE DEL GRAPPA","SECCO",,,,1100,1100,2025-01-01,2025-12-31,26,26,16,16,45.796494,11.736081,15,1,"VALID_TARGET"
"RFD20250523232",1,1,"2025-05-23 08:22:05","2025-08-28 15:01:38","2025-05-23 08:22:05","2025-08-28 15:01:38","Non Presente","CAMPOSAMPIERO","GAZZO",,,,"PLAST.CONT.STRADALI (67%); SECCO PAP (33%)",,,2025-01-01,2025-12-31,,11,3,3,45.573167,11.713567,13,0.56,"GHOST_TAG"
"RFD20250623215",1,1,"2025-06-23 15:35:06","2025-06-23 15:35:06","2025-06-23 15:35:06","2025-06-23 15:35:06","Non Presente","CAMPOSAMPIERO","CADONEGHE",,,"VETRO PAP","VETRO PAP (100%)",,,2025-01-01,2025-12-31,,1,1,1,45.4433,11.9227,0,0.58,"GHOST_TAG"
"RFD20250624006",1,1,"2025-06-24 06:14:02","2025-11-11 07:00:46","2025-06-24 06:14:02","2025-11-11 07:00:46","Presente","CAMPOSAMPIERO","CARMIGNANO DI BRENTA","CARTA",,,,240,240,2025-01-01,2025-12-31,26,23,9,9,45.630056,11.701,18.1,0.96,"VALID_TARGET"
"RFD20250713080",1,1,"2025-07-13 08:14:59","2025-12-28 08:46:42","2025-07-13 08:14:59","2025-12-28 08:46:42","Presente","RUBANO","MESTRINO","CARTA",,,,240,240,2025-01-01,2025-12-31,26,21,10,10,45.43659,11.7482,15,0.98,"VALID_TARGET"
"RFD20250713098",1,1,"2025-07-13 10:18:12","2025-12-28 10:18:08","2025-07-13 10:18:12","2025-12-28 10:18:08","Presente","BASSANO","POZZOLEONE","CARTA",,,,1100,1100,2025-01-01,2025-12-31,26,28,13,13,45.647338,11.682446,14.3,0.99,"VALID_TARGET"
"RFD20250713165",1,1,"2025-07-13 09:43:31","2025-12-28 09:53:50","2025-07-13 09:43:31","2025-12-28 09:53:50","Presente","ASIAGO","GALLIO","CARTA",,,,240,240,2025-01-01,2025-12-31,26,28,13,13,45.889385,11.549869,22.4,0.99,"VALID_TARGET"
"RFD20250715210",1,1,"2025-07-15 17:30:27","2025-12-30 14:59:33","2025-07-15 17:30:27","2025-12-30 14:59:33","Non Presente","CAMPOSAMPIERO","FONTANIVA",,,,"PLASTICA PAP (50%); CARTA/CARTONE PAP (25%); VERDE PAP (25%)",,,2025-01-01,2025-12-31,,8,4,4,45.65135,11.74615,14,0.5,"GHOST_TAG"
"RFD20250726222",1,1,"2025-07-26 10:12:20","2025-07-26 10:12:20","2025-07-26 10:12:20","2025-07-26 10:12:20","Non Presente","RUBANO","ROVOLON",,,"UMIDO PAP","UMIDO PAP (100%)",,,2025-01-01,2025-12-31,,1,1,1,45.3661,11.667,0,0.58,"GHOST_TAG"
"RFD20250820009",1,1,"2025-08-20 07:45:50","2025-12-24 08:02:34","2025-08-20 07:45:50","2025-12-24 08:02:34","Presente","CAMPOSAMPIERO","BORGORICCO","SECCO",,,,1100,1100,2025-01-01,2025-12-31,26,26,9,9,45.526133,11.952867,22.9,0.98,"VALID_TARGET"
"RFD20250820063",1,1,"2025-08-20 07:58:44","2025-12-24 08:44:32","2025-08-20 07:58:44","2025-12-24 08:44:32","Presente","CAMPOSAMPIERO","SAONARA","SECCO",,,,1100,1100,2025-01-01,2025-12-31,26,26,9,9,45.367533,11.981822,15,0.98,"VALID_TARGET"
"RFD20250825166",1,1,"2025-08-25 14:19:01","2025-12-29 14:32:32","2025-08-25 14:19:01","2025-12-29 14:32:32","Presente","CAMPOSAMPIERO","SAN GIORGIO IN BOSCO","UMIDO",,,,240,240,2025-01-01,2025-12-31,26,26,9,9,45.591033,11.807256,17,0.98,"VALID_TARGET"
"RFD20250901001",1,1,"2025-09-01 06:00:00","2025-12-30 08:49:44","2025-09-01 06:00:00","2025-12-30 08:49:44","Presente","BASSANO","BASSANO DEL GRAPPA","CARTA","CARTA > SECCO > CARTA",,,240,240,2025-01-01,2025-12-31,26,30,10,10,45.76674,11.73422,19.2,0.91,"VALID_TARGET"
"RFD20250901002",1,1,"2025-09-01 06:15:00","2025-12-22 06:28:23","2025-09-01 06:15:00","2025-12-22 06:28:23","Presente","BASSANO","BASSANO DEL GRAPPA","SECCO",,,,1100,1100,2025-01-01,2025-12-31,26,26,8,8,45.7673,11.7349,16.6,0.95,"VALID_TARGET"
"RFD20250901050",1,1,"2025-09-01 12:48:05","2025-12-20 13:13:10","2025-09-01 12:48:05","2025-12-20 13:13:10","Presente","BASSANO","SCHIAVON","SECCO",,,,240,240,2025-01-01,2025-12-31,26,29,9,9,45.695956,11.641644,18.9,0.96,"VALID_TARGET"
"RFD20250901201",1,1,"2025-09-01 06:30:00","2025-12-22 06:37:12","2025-09-01 06:30:00","2025-12-22 06:37:12","Non Presente","BASSANO","BASSANO DEL GRAPPA",,,"SECCO PAP","SECCO PAP (100%)",,,2025-01-01,2025-12-31,,29,9,9,45.768133,11.735589,24.3,0.78,"VALID_TARGET"
"RFD20250905100",1,2,"2025-09-05 08:14:26","2025-12-26 10:21:35","2025-09-05 08:14:26","2025-09-05 08:14:26","Presente","RUBANO","LIMENA","CARTA",,,,240,240,2025-01-01,2025-12-31,26,1,9,1,45.4744,11.8449,0,0.59,"RELOCATED_BIN"
"RFD20250905100",2,2,"2025-09-05 08:14:26","2025-12-26 10:21:35","2025-09-19 10:37:53","2025-12-26 10:21:35","Presente","RUBANO","LIMENA","CARTA",,,,240,240,2025-01-01,2025-12-31,26,29,9,8,45.64875,11.783637,14.7,0.93,"RELOCATED_BIN"
"RFD20250912070",1,1,"2025-09-12 07:40:02","2025-12-19 07:57:42","2025-09-12 07:40:02","2025-12-19 07:57:42","Presente","RUBANO","TORREGLIA","CARTA",,,,240,240,2025-01-01,2025-12-31,26,29,8,8,45.332288,11.729213,13.8,0.94,"VALID_TARGET"
"RFD20250915201",1,1,"2025-09-15 07:26:40","2025-09-26 07:19:33","2025-09-15 07:26:40","2025-09-26 07:19:33","Non Presente","CAMPOSAMPIERO","CAMPOSAMPIERO",,,"SECCO PAP","SECCO PAP (100%)",,,2025-01-01,2025-12-31,,4,4,4,45.5708,11.929275,14.1,0.65,"GHOST_TAG"
"RFD20250917110",1,1,"2025-09-17 14:46:20","2025-12-24 14:38:13","2025-09-17 14:46:20","2025-12-24 14:38:13","Presente","ASIAGO","FOZA","SECCO",,,,1100,1100,2025-01-01,2025-12-31,26,22,6,6,45.910983,11.628,18,0.88,"VALID_TARGET"
"RFD20250918086",1,1,"2025-09-18 15:22:16","2025-12-25 15:03:54","2025-09-18 15:22:16","2025-12-25 15:03:54","Presente","CAMPOSAMPIERO","SAN PIETRO IN GU","UMIDO",,,,240,240,2025-01-01,2025-12-31,26,29,8,8,45.612088,11.676387,22.2,0.94,"VALID_TARGET"
"RFD20250920250",1,1,"2025-09-20 15:44:02","2025-09-27 16:08:37","2025-09-20 15:44:02","2025-09-27 16:08:37","Non Presente","BASSANO","ROSSANO VENETO",,,,"CARTA/CARTONE PAP (50%); SECCO PAP (50%)",,,2025-01-01,2025-12-31,,2,2,2,45.7059,11.7987,0,0.45,"GHOST_TAG"
"RFD20250924162",1,1,"2025-09-24 07:37:21","2025-12-31 06:53:35","2025-09-24 07:37:21","2025-12-31 06:53:35","Presente","ASIAGO","ROTZO","SECCO",,,,1100,1100,2025-01-01,2025-12-31,26,22,6,6,45.857567,11.400633,20.7,0.88,"VALID_TARGET"
"RFD20250928057",1,1,"2025-09-28 08:47:54","2025-12-21 09:08:36","2025-09-28 08:47:54","2025-12-21 09:08:36","Presente","CAMPOSAMPIERO","MASSANZAGO","CARTA",,,,1100,1100,2025-01-01,2025-12-31,26,26,6,6,45.544383,12.0082,17.4,0.9,"VALID_TARGET"
"RFD20250929186",1,1,"2025-09-29 07:15:07","2025-12-22 07:06:45","2025-09-29 07:15:07","2025-12-22 07:06:45","Presente","BASSANO","ROSA'","SECCO",,,,240,240,2025-01-01,2025-12-31,26,21,5,5,45.72162,11.76514,7.7,0.86,"VALID_TARGET"
"RFD20251019204",1,1,"2025-10-19 08:54:42","2025-11-10 16:20:21","2025-10-19 08:54:42","2025-11-10 16:20:21","Non Presente","CAMPOSAMPIERO","SAN GIORGIO IN BOSCO",,,,"CARTA CONT.STRADALI (50%); SECCO PAP (50%)",,,2025-01-01,2025-12-31,,2,2,2,45.59175,11.7953,16.5,0.45,"GHOST_TAG"
"RFD20251204221",1,1,"2025-12-04 09:34:12","2025-12-04 09:34:12","2025-12-04 09:34:12","2025-12-04 09:34:12","Non Presente","CAMPOSAMPIERO","PIOMBINO DESE",,,"VETRO PAP","VETRO PAP (100%)",,,2025-01-01,2025-12-31,,1,1,1,45.6125,11.9942,0,0.58,"GHOST_TAG"
