"comune","cantiere","latitudine","longitudine"
"ASIAGO","ASIAGO",45.86667,11.51667
"ENEGO","ASIAGO",45.94049,11.70961
"FOZA","ASIAGO",45.89627,11.63073
"GALLIO","ASIAGO",45.89263,11.5471
"LUSIANA CONCO","ASIAGO",45.8009,11.6081
"ROANA","ASIAGO",45.87562,11.46269
"ROTZO","ASIAGO",45.86347,11.39938
"BASSANO DEL GRAPPA","BASSANO",45.76667,11.73417
"CARTIGLIANO","BASSANO",45.71305,11.69406
"CASSOLA","BASSANO",45.7328,11.79842
"COLCERESA","BASSANO",45.71812,11.60704
"MAROSTICA","BASSANO",45.74539,11.65689
"MUSSOLENTE","BASSANO",45.77895,11.80127
"NOVE","BASSANO",45.72568,11.68006
"PIANEZZE","BASSANO",45.74003,11.62682
"POVE DEL GRAPPA","BASSANO",45.79912,11.7291
"POZZOLEONE","BASSANO",45.64896,11.67909
"ROMANO D'EZZELINO","BASSANO",45.79624,11.75839
"ROSA'","BASSANO",45.72442,11.76269
"ROSSANO VENETO","BASSANO",45.70527,11.79979
"SCHIAVON","BASSANO",45.69771,11.64428
"TEZZE SUL BRENTA","BASSANO",45.68618,11.70418
"BORGORICCO","CAMPOSAMPIERO",45.53356,11.96588
"CADONEGHE","CAMPOSAMPIERO",45.43876,11.92491
"CAMPO SAN MARTINO","CAMPOSAMPIERO",45.55,11.81667
"CAMPODARSEGO","CAMPOSAMPIERO",45.50285,11.9075
"CAMPOSAMPIERO","CAMPOSAMPIERO",45.57176,11.93193
"CARMIGNANO DI BRENTA","CAMPOSAMPIERO",45.62877,11.69986
"CITTADELLA","CAMPOSAMPIERO",45.64879,11.78358
"CURTAROLO","CAMPOSAMPIERO",45.52226,11.83202
"FONTANIVA","CAMPOSAMPIERO",45.63763,11.7522
"GALLIERA VENETA","CAMPOSAMPIERO",45.66284,11.82849
"GAZZO","CAMPOSAMPIERO",45.58165,11.70762
"GRANTORTO","CAMPOSAMPIERO",45.60078,11.73096
"LOREGGIA","CAMPOSAMPIERO",45.59452,11.94461
"MASSANZAGO","CAMPOSAMPIERO",45.55639,12.00722
"PIAZZOLA SUL BRENTA","CAMPOSAMPIERO",45.5415,11.7844
"PIOMBINO DESE","CAMPOSAMPIERO",45.60752,11.99941
"SAN GIORGIO DELLE PERTICHE","CAMPOSAMPIERO",45.54167,11.91124
"SAN GIORGIO IN BOSCO","CAMPOSAMPIERO",45.59185,11.80596
"SAN MARTINO DI LUPARI","CAMPOSAMPIERO",45.64866,11.85698
"SAN PIETRO IN GU","CAMPOSAMPIERO",45.61409,11.66939
"SANTA GIUSTINA IN COLLE","CAMPOSAMPIERO",45.5637,11.90641
"SAONARA","CAMPOSAMPIERO",45.37022,11.98407
"TOMBOLO","CAMPOSAMPIERO",45.64703,11.83042
"CAMPODORO","RUBANO",45.49029,11.752
"CERVARESE SANTA CROCE","RUBANO",45.42439,11.6879
"GALZIGNANO TERME","RUBANO",45.30798,11.73134
"LIMENA","RUBANO",45.47438,11.84493
"MESTRINO","RUBANO",45.44276,11.75825
"MONTEGROTTO TERME","RUBANO",45.33149,11.79121
"ROVOLON","RUBANO",45.36623,11.66375
"RUBANO","RUBANO",45.42873,11.78827
"SACCOLONGO","RUBANO",45.40311,11.74755
"SELVAZZANO DENTRO","RUBANO",45.38979,11.78589
"TEOLO","RUBANO",45.34869,11.6718
"TORREGLIA","RUBANO",45.33567,11.73364
