giorno_lettura,targa_veicolo,matricola_veicolo,RFID,presente_a_database,servizio_transponder,servizio_atteso,id_utenza,latitudine,longitudine
2025-09-01 06:15:00,AB123CD,VEH001,RFD20250901001,Presente,CARTA,NA,UTZ001,41.9028,12.4964
2025-09-01 06:32:00,AB123CD,VEH001,RFD20250901002,Presente,SECCO,NA,UTZ002,41.9035,12.4971
2025-09-01 06:48:00,AB123CD,VEH001,RFD20250901201,Non Presente,NA,SECCO,NA,41.9042,12.4978
2025-09-01 07:05:00,AB123CD,VEH001,RFD20250901003,Presente,CARTA,NA,UTZ003,41.9049,12.4985
2025-09-01 07:22:00,EF456GH,VEH002,RFD20250901004,Presente,VETRO,NA,UTZ004,41.8950,12.5100
2025-09-01 07:40:00,EF456GH,VEH002,RFD20250901202,Non Presente,NA,CARTA,NA,41.8957,12.5107
2025-09-01 08:10:00,IL789MN,VEH003,RFD20250901005,Presente,UMIDO,NA,UTZ005,41.9100,12.4850
2025-09-01 08:28:00,IL789MN,VEH003,RFD20250901006,Presente,PLASTICA,NA,UTZ006,41.9107,12.4857
2025-09-01 08:45:00,IL789MN,VEH003,RFD20250901203,Non Presente,NA,UMIDO,NA,41.9114,12.4864
2025-09-01 09:02:00,OP012QR,VEH004,RFD20250901007,Presente,SECCO,NA,UTZ007,41.8900,12.5200
2025-09-02 06:20:00,AB123CD,VEH001,RFD20250901001,Presente,CARTA,NA,UTZ001,41.9028,12.4964
2025-09-02 06:37:00,AB123CD,VEH001,RFD20250901008,Presente,SECCO,NA,UTZ008,41.9055,12.4992
2025-09-02 06:54:00,AB123CD,VEH001,RFD20250901204,Non Presente,NA,SECCO,NA,41.9062,12.4999
2025-09-02 07:11:00,AB123CD,VEH001,RFD20250901009,Presente,CARTA,NA,UTZ009,41.9069,12.5006
2025-09-02 07:28:00,EF456GH,VEH002,RFD20250901010,Presente,VETRO,NA,UTZ010,41.8960,12.5110
2025-09-02 07:45:00,EF456GH,VEH002,RFD20250901205,Non Presente,NA,CARTA,NA,41.8967,12.5117
2025-09-02 08:15:00,IL789MN,VEH003,RFD20250901011,Presente,UMIDO,NA,UTZ011,41.9110,12.4860
2025-09-02 08:32:00,IL789MN,VEH003,RFD20250901012,Presente,PLASTICA,NA,UTZ012,41.9117,12.4867
2025-09-02 08:49:00,IL789MN,VEH003,RFD20250901206,Non Presente,NA,UMIDO,NA,41.9124,12.4874
2025-09-02 09:06:00,ST345UV,VEH005,RFD20250901013,Presente,VETRO,NA,UTZ013,41.9000,12.5000
2025-09-03 06:18:00,AB123CD,VEH001,RFD20250901002,Presente,SECCO,NA,UTZ002,41.9035,12.4971
2025-09-03 06:35:00,AB123CD,VEH001,RFD20250901014,Presente,CARTA,NA,UTZ014,41.9076,12.5013
2025-09-03 06:52:00,AB123CD,VEH001,RFD20250901207,Non Presente,NA,SECCO,NA,41.9083,12.5020
2025-09-03 07:09:00,AB123CD,VEH001,RFD20250901015,Presente,SECCO,NA,UTZ015,41.9090,12.5027
2025-09-03 07:26:00,EF456GH,VEH002,RFD20250901016,Presente,CARTA,NA,UTZ016,41.8970,12.5120
2025-09-03 07:43:00,EF456GH,VEH002,RFD20250901208,Non Presente,NA,VETRO,NA,41.8977,12.5127
2025-09-03 08:13:00,IL789MN,VEH003,RFD20250901017,Presente,PLASTICA,NA,UTZ017,41.9120,12.4870
2025-09-03 08:30:00,IL789MN,VEH003,RFD20250901018,Presente,UMIDO,NA,UTZ018,41.9127,12.4877
2025-09-03 08:47:00,IL789MN,VEH003,RFD20250901209,Non Presente,NA,UMIDO,NA,41.9134,12.4884
2025-09-03 09:04:00,OP012QR,VEH004,RFD20250901019,Presente,SECCO,NA,UTZ019,41.8910,12.5210
2025-09-04 06:16:00,AB123CD,VEH001,RFD20250901003,Presente,CARTA,NA,UTZ003,41.9049,12.4985
2025-09-04 06:33:00,AB123CD,VEH001,RFD20250901020,Presente,SECCO,NA,UTZ020,41.9097,12.5034
2025-09-04 06:50:00,AB123CD,VEH001,RFD20250901210,Non Presente,NA,CARTA,NA,41.9104,12.5041
2025-09-04 07:07:00,AB123CD,VEH001,RFD20250901021,Presente,CARTA,NA,UTZ021,41.9111,12.5048
2025-09-04 07:24:00,EF456GH,VEH002,RFD20250901022,Presente,VETRO,NA,UTZ022,41.8980,12.5130
2025-09-04 07:41:00,EF456GH,VEH002,RFD20250901211,Non Presente,NA,VETRO,NA,41.8987,12.5137
2025-09-04 08:11:00,IL789MN,VEH003,RFD20250901023,Presente,UMIDO,NA,UTZ023,41.9130,12.4880
2025-09-04 08:28:00,IL789MN,VEH003,RFD20250901024,Presente,PLASTICA,NA,UTZ024,41.9137,12.4887
2025-09-04 08:45:00,IL789MN,VEH003,RFD20250901212,Non Presente,NA,PLASTICA,NA,41.9144,12.4894
2025-09-04 09:02:00,ST345UV,VEH005,RFD20250901025,Presente,VETRO,NA,UTZ025,41.9010,12.5010
2025-09-05 06:14:00,AB123CD,VEH001,RFD20250901004,Presente,CARTA,NA,UTZ001,41.9055,12.4992
2025-09-05 06:31:00,AB123CD,VEH001,RFD20250901026,Presente,CARTA,NA,UTZ026,41.9118,12.5055
2025-09-05 06:48:00,AB123CD,VEH001,RFD20250901213,Non Presente,NA,SECCO,NA,41.9125,12.5062
2025-09-05 07:05:00,AB123CD,VEH001,RFD20250901027,Presente,SECCO,NA,UTZ027,41.9132,12.5069
2025-09-05 07:22:00,EF456GH,VEH002,RFD20250901028,Presente,CARTA,NA,UTZ028,41.8990,12.5140
2025-09-05 07:39:00,EF456GH,VEH002,RFD20250901214,Non Presente,NA,CARTA,NA,41.8997,12.5147
2025-09-05 08:09:00,IL789MN,VEH003,RFD20250901029,Presente,PLASTICA,NA,UTZ029,41.9140,12.4890
2025-09-05 08:26:00,IL789MN,VEH003,RFD20250901030,Presente,UMIDO,NA,UTZ030,41.9147,12.4897
2025-09-05 08:43:00,IL789MN,VEH003,RFD20250901215,Non Presente,NA,UMIDO,NA,41.9154,12.4904
2025-09-05 09:00:00,OP012QR,VEH004,RFD20250901031,Presente,SECCO,NA,UTZ031,41.8920,12.5220
2025-09-06 06:12:00,AB123CD,VEH001,RFD20250901005,Presente,UMIDO,NA,UTZ032,41.9062,12.4999
2025-09-06 06:29:00,AB123CD,VEH001,RFD20250901032,Presente,CARTA,NA,UTZ033,41.9139,12.5076
2025-09-06 06:46:00,AB123CD,VEH001,RFD20250901216,Non Presente,NA,SECCO,NA,41.9146,12.5083
2025-09-06 07:03:00,AB123CD,VEH001,RFD20250901033,Presente,SECCO,NA,UTZ034,41.9153,12.5090
2025-09-06 07:20:00,EF456GH,VEH002,RFD20250901034,Presente,VETRO,NA,UTZ035,41.9000,12.5150
2025-09-06 07:37:00,EF456GH,VEH002,RFD20250901217,Non Presente,NA,VETRO,NA,41.9007,12.5157
2025-09-06 08:07:00,IL789MN,VEH003,RFD20250901035,Presente,UMIDO,NA,UTZ036,41.9150,12.4900
2025-09-06 08:24:00,IL789MN,VEH003,RFD20250901036,Presente,PLASTICA,NA,UTZ037,41.9157,12.4907
2025-09-06 08:41:00,IL789MN,VEH003,RFD20250901218,Non Presente,NA,PLASTICA,NA,41.9164,12.4914
2025-09-06 08:58:00,ST345UV,VEH005,RFD20250901037,Presente,VETRO,NA,UTZ038,41.9020,12.5020
2025-09-08 06:10:00,AB123CD,VEH001,RFD20250901006,Presente,PLASTICA,NA,UTZ039,41.9069,12.5006
2025-09-08 06:27:00,AB123CD,VEH001,RFD20250901038,Presente,CARTA,NA,UTZ040,41.9160,12.5083
2025-09-08 06:44:00,AB123CD,VEH001,RFD20250901219,Non Presente,NA,CARTA,NA,41.9167,12.5090
2025-09-08 07:01:00,AB123CD,VEH001,RFD20250901039,Presente,SECCO,NA,UTZ041,41.9174,12.5097
2025-09-08 07:18:00,EF456GH,VEH002,RFD20250901040,Presente,VETRO,NA,UTZ042,41.9010,12.5160
2025-09-08 07:35:00,EF456GH,VEH002,RFD20250901220,Non Presente,NA,VETRO,NA,41.9017,12.5167
2025-09-08 08:05:00,IL789MN,VEH003,RFD20250901041,Presente,PLASTICA,NA,UTZ043,41.9160,12.4910
2025-09-08 08:22:00,IL789MN,VEH003,RFD20250901042,Presente,UMIDO,NA,UTZ044,41.9167,12.4917
2025-09-08 08:39:00,IL789MN,VEH003,RFD20250901221,Non Presente,NA,UMIDO,NA,41.9174,12.4924
2025-09-08 08:56:00,OP012QR,VEH004,RFD20250901043,Presente,SECCO,NA,UTZ045,41.8930,12.5230
2025-09-09 06:08:00,AB123CD,VEH001,RFD20250901007,Presente,SECCO,NA,UTZ046,41.8976,12.5013
2025-09-09 06:25:00,AB123CD,VEH001,RFD20250901044,Presente,CARTA,NA,UTZ047,41.9181,12.5090
2025-09-09 06:42:00,AB123CD,VEH001,RFD20250901222,Non Presente,NA,SECCO,NA,41.9188,12.5097
2025-09-09 06:59:00,AB123CD,VEH001,RFD20250901045,Presente,SECCO,NA,UTZ048,41.9195,12.5104
2025-09-09 07:16:00,EF456GH,VEH002,RFD20250901046,Presente,CARTA,NA,UTZ049,41.9020,12.5170
2025-09-09 07:33:00,EF456GH,VEH002,RFD20250901223,Non Presente,NA,CARTA,NA,41.9027,12.5177
2025-09-09 08:03:00,IL789MN,VEH003,RFD20250901047,Presente,UMIDO,NA,UTZ050,41.9170,12.4920
2025-09-09 08:20:00,IL789MN,VEH003,RFD20250901048,Presente,PLASTICA,NA,UTZ001,41.9177,12.4927
2025-09-09 08:37:00,IL789MN,VEH003,RFD20250901224,Non Presente,NA,UMIDO,NA,41.9184,12.4934
2025-09-09 08:54:00,ST345UV,VEH005,RFD20250901049,Presente,VETRO,NA,UTZ002,41.9030,12.5030
2025-09-10 06:06:00,AB123CD,VEH001,RFD20250901008,Presente,SECCO,NA,UTZ003,41.8983,12.5020
2025-09-10 06:23:00,AB123CD,VEH001,RFD20250901050,Presente,CARTA,NA,UTZ004,41.9202,12.5097
2025-09-10 06:40:00,AB123CD,VEH001,RFD20250901225,Non Presente,NA,SECCO,NA,41.9209,12.5104
2025-09-10 06:57:00,AB123CD,VEH001,RFD20250901051,Presente,CARTA,NA,UTZ005,41.9216,12.5111
2025-09-10 07:14:00,EF456GH,VEH002,RFD20250901052,Presente,VETRO,NA,UTZ006,41.9030,12.5180
2025-09-10 07:31:00,EF456GH,VEH002,RFD20250901226,Non Presente,NA,VETRO,NA,41.9037,12.5187
2025-09-10 08:01:00,IL789MN,VEH003,RFD20250901053,Presente,PLASTICA,NA,UTZ007,41.9180,12.4930
2025-09-10 08:18:00,IL789MN,VEH003,RFD20250901054,Presente,UMIDO,NA,UTZ008,41.9187,12.4937
2025-09-10 08:35:00,IL789MN,VEH003,RFD20250901227,Non Presente,NA,PLASTICA,NA,41.9194,12.4944
2025-09-10 08:52:00,OP012QR,VEH004,RFD20250901055,Presente,SECCO,NA,UTZ009,41.8940,12.5240
2025-09-12 06:04:00,AB123CD,VEH001,RFD20250901009,Presente,CARTA,NA,UTZ010,41.8990,12.5027
2025-09-12 06:21:00,AB123CD,VEH001,RFD20250901056,Presente,CARTA,NA,UTZ011,41.9223,12.5104
2025-09-12 06:38:00,AB123CD,VEH001,RFD20250901228,Non Presente,NA,CARTA,NA,41.9230,12.5111
2025-09-12 06:55:00,AB123CD,VEH001,RFD20250901057,Presente,SECCO,NA,UTZ012,41.9237,12.5118
2025-09-12 07:12:00,EF456GH,VEH002,RFD20250901058,Presente,CARTA,NA,UTZ013,41.9040,12.5190
2025-09-12 07:29:00,EF456GH,VEH002,RFD20250901229,Non Presente,NA,VETRO,NA,41.9047,12.5197
2025-09-12 07:59:00,IL789MN,VEH003,RFD20250901059,Presente,UMIDO,NA,UTZ014,41.9190,12.4940
2025-09-12 08:16:00,IL789MN,VEH003,RFD20250901060,Presente,PLASTICA,NA,UTZ015,41.9197,12.4947
2025-09-12 08:33:00,IL789MN,VEH003,RFD20250901230,Non Presente,NA,UMIDO,NA,41.9204,12.4954
2025-09-12 08:50:00,ST345UV,VEH005,RFD20250901061,Presente,VETRO,NA,UTZ016,41.9040,12.5040
2025-09-13 06:02:00,AB123CD,VEH001,RFD20250901010,Presente,VETRO,NA,UTZ017,41.8997,12.5034
2025-09-13 06:19:00,AB123CD,VEH001,RFD20250901062,Presente,CARTA,NA,UTZ018,41.9244,12.5111
2025-09-13 06:36:00,AB123CD,VEH001,RFD20250901231,Non Presente,NA,SECCO,NA,41.9251,12.5118
2025-09-13 06:53:00,AB123CD,VEH001,RFD20250901063,Presente,CARTA,NA,UTZ019,41.9258,12.5125
2025-09-13 07:10:00,EF456GH,VEH002,RFD20250901064,Presente,VETRO,NA,UTZ020,41.9050,12.5200
2025-09-13 07:27:00,EF456GH,VEH002,RFD20250901232,Non Presente,NA,CARTA,NA,41.9057,12.5207
2025-09-13 07:57:00,IL789MN,VEH003,RFD20250901065,Presente,PLASTICA,NA,UTZ021,41.9200,12.4950
2025-09-13 08:14:00,IL789MN,VEH003,RFD20250901066,Presente,UMIDO,NA,UTZ022,41.9207,12.4957
2025-09-13 08:31:00,IL789MN,VEH003,RFD20250901233,Non Presente,NA,PLASTICA,NA,41.9214,12.4964
2025-09-13 08:48:00,OP012QR,VEH004,RFD20250901067,Presente,SECCO,NA,UTZ023,41.8950,12.5250
2025-09-15 06:00:00,AB123CD,VEH001,RFD20250901001,Presente,SECCO,NA,UTZ001,41.9000,12.5100
2025-09-15 06:17:00,AB123CD,VEH001,RFD20250901068,Presente,CARTA,NA,UTZ024,41.9265,12.5118
2025-09-15 06:34:00,AB123CD,VEH001,RFD20250901234,Non Presente,NA,CARTA,NA,41.9272,12.5125
2025-09-15 06:51:00,AB123CD,VEH001,RFD20250901069,Presente,SECCO,NA,UTZ025,41.9279,12.5132
2025-09-15 07:08:00,EF456GH,VEH002,RFD20250901070,Presente,CARTA,NA,UTZ026,41.9060,12.5210
2025-09-15 07:25:00,EF456GH,VEH002,RFD20250901235,Non Presente,NA,VETRO,NA,41.9067,12.5217
2025-09-15 07:55:00,IL789MN,VEH003,RFD20250901071,Presente,UMIDO,NA,UTZ027,41.9210,12.4960
2025-09-15 08:12:00,IL789MN,VEH003,RFD20250901072,Presente,PLASTICA,NA,UTZ028,41.9217,12.4967
2025-09-15 08:29:00,IL789MN,VEH003,RFD20250901236,Non Presente,NA,UMIDO,NA,41.9224,12.4974
2025-09-15 08:46:00,ST345UV,VEH005,RFD20250901073,Presente,VETRO,NA,UTZ029,41.9050,12.5050
2025-09-16 06:15:00,AB123CD,VEH001,RFD20250901011,Presente,UMIDO,NA,UTZ030,41.9004,12.5107
2025-09-16 06:32:00,AB123CD,VEH001,RFD20250901074,Presente,CARTA,NA,UTZ031,41.9286,12.5125
2025-09-16 06:49:00,AB123CD,VEH001,RFD20250901237,Non Presente,NA,SECCO,NA,41.9293,12.5132
2025-09-16 07:06:00,AB123CD,VEH001,RFD20250901075,Presente,CARTA,NA,UTZ032,41.9300,12.5139
2025-09-16 07:23:00,EF456GH,VEH002,RFD20250901076,Presente,VETRO,NA,UTZ033,41.9070,12.5220
2025-09-16 07:40:00,EF456GH,VEH002,RFD20250901238,Non Presente,NA,VETRO,NA,41.9077,12.5227
2025-09-16 08:10:00,IL789MN,VEH003,RFD20250901077,Presente,PLASTICA,NA,UTZ034,41.9220,12.4970
2025-09-16 08:27:00,IL789MN,VEH003,RFD20250901078,Presente,UMIDO,NA,UTZ035,41.9227,12.4977
2025-09-16 08:44:00,IL789MN,VEH003,RFD20250901239,Non Presente,NA,PLASTICA,NA,41.9234,12.4984
2025-09-16 09:01:00,OP012QR,VEH004,RFD20250901079,Presente,SECCO,NA,UTZ036,41.8960,12.5260
2025-09-18 06:13:00,AB123CD,VEH001,RFD20250901012,Presente,PLASTICA,NA,UTZ037,41.9011,12.5114
2025-09-18 06:30:00,AB123CD,VEH001,RFD20250901080,Presente,CARTA,NA,UTZ038,41.9307,12.5132
2025-09-18 06:47:00,AB123CD,VEH001,RFD20250901240,Non Presente,NA,CARTA,NA,41.9314,12.5139
2025-09-18 07:04:00,AB123CD,VEH001,RFD20250901081,Presente,SECCO,NA,UTZ039,41.9321,12.5146
2025-09-18 07:21:00,EF456GH,VEH002,RFD20250901082,Presente,CARTA,NA,UTZ040,41.9080,12.5230
2025-09-18 07:38:00,EF456GH,VEH002,RFD20250901241,Non Presente,NA,VETRO,NA,41.9087,12.5237
2025-09-18 08:08:00,IL789MN,VEH003,RFD20250901083,Presente,UMIDO,NA,UTZ041,41.9230,12.4980
2025-09-18 08:25:00,IL789MN,VEH003,RFD20250901084,Presente,PLASTICA,NA,UTZ042,41.9237,12.4987
2025-09-18 08:42:00,IL789MN,VEH003,RFD20250901242,Non Presente,NA,UMIDO,NA,41.9244,12.4994
2025-09-18 08:59:00,ST345UV,VEH005,RFD20250901085,Presente,VETRO,NA,UTZ043,41.9060,12.5060
2025-09-20 06:11:00,AB123CD,VEH001,RFD20250901013,Presente,VETRO,NA,UTZ044,41.9018,12.5121
2025-09-20 06:28:00,AB123CD,VEH001,RFD20250901086,Presente,CARTA,NA,UTZ045,41.9328,12.5139
2025-09-20 06:45:00,AB123CD,VEH001,RFD20250901243,Non Presente,NA,SECCO,NA,41.9335,12.5146
2025-09-20 07:02:00,AB123CD,VEH001,RFD20250901087,Presente,CARTA,NA,UTZ001,41.9342,12.5153
2025-09-20 07:19:00,EF456GH,VEH002,RFD20250901088,Presente,VETRO,NA,UTZ002,41.9090,12.5240
2025-09-20 07:36:00,EF456GH,VEH002,RFD20250901244,Non Presente,NA,CARTA,NA,41.9097,12.5247
2025-09-20 08:06:00,IL789MN,VEH003,RFD20250901089,Presente,PLASTICA,NA,UTZ003,41.9240,12.4990
2025-09-20 08:23:00,IL789MN,VEH003,RFD20250901090,Presente,UMIDO,NA,UTZ004,41.9247,12.4997
2025-09-20 08:40:00,IL789MN,VEH003,RFD20250901245,Non Presente,NA,PLASTICA,NA,41.9254,12.5004
2025-09-20 08:57:00,OP012QR,VEH004,RFD20250901091,Presente,SECCO,NA,UTZ005,41.8970,12.5270
2025-09-22 06:09:00,AB123CD,VEH001,RFD20250901014,Presente,CARTA,NA,UTZ006,41.9025,12.5128
2025-09-22 06:26:00,AB123CD,VEH001,RFD20250901092,Presente,CARTA,NA,UTZ007,41.9349,12.5146
2025-09-22 06:43:00,AB123CD,VEH001,RFD20250901246,Non Presente,NA,CARTA,NA,41.9356,12.5153
2025-09-22 07:00:00,AB123CD,VEH001,RFD20250901093,Presente,SECCO,NA,UTZ008,41.9363,12.5160
2025-09-22 07:17:00,EF456GH,VEH002,RFD20250901094,Presente,CARTA,NA,UTZ009,41.9100,12.5250
2025-09-22 07:34:00,EF456GH,VEH002,RFD20250901247,Non Presente,NA,VETRO,NA,41.9107,12.5257
2025-09-22 08:04:00,IL789MN,VEH003,RFD20250901095,Presente,UMIDO,NA,UTZ010,41.9250,12.5000
2025-09-22 08:21:00,IL789MN,VEH003,RFD20250901096,Presente,PLASTICA,NA,UTZ011,41.9257,12.5007
2025-09-22 08:38:00,IL789MN,VEH003,RFD20250901248,Non Presente,NA,UMIDO,NA,41.9264,12.5014
2025-09-22 08:55:00,ST345UV,VEH005,RFD20250901097,Presente,VETRO,NA,UTZ012,41.9070,12.5070
2025-09-24 06:07:00,AB123CD,VEH001,RFD20250901015,Presente,SECCO,NA,UTZ013,41.9032,12.5135
2025-09-24 06:24:00,AB123CD,VEH001,RFD20250901098,Presente,CARTA,NA,UTZ014,41.9370,12.5153
2025-09-24 06:41:00,AB123CD,VEH001,RFD20250901249,Non Presente,NA,SECCO,NA,41.9377,12.5160
2025-09-24 06:58:00,AB123CD,VEH001,RFD20250901099,Presente,CARTA,NA,UTZ015,41.9384,12.5167
2025-09-24 07:15:00,EF456GH,VEH002,RFD20250901100,Presente,VETRO,NA,UTZ016,41.9110,12.5260
2025-09-24 07:32:00,EF456GH,VEH002,RFD20250901250,Non Presente,NA,VETRO,NA,41.9117,12.5267
2025-09-24 08:02:00,IL789MN,VEH003,RFD20250901101,Presente,PLASTICA,NA,UTZ017,41.9260,12.5010
2025-09-24 08:19:00,IL789MN,VEH003,RFD20250901102,Presente,UMIDO,NA,UTZ018,41.9267,12.5017
2025-09-24 08:36:00,IL789MN,VEH003,RFD20250901251,Non Presente,NA,PLASTICA,NA,41.9274,12.5024
2025-09-24 08:53:00,OP012QR,VEH004,RFD20250901103,Presente,SECCO,NA,UTZ019,41.8980,12.5280
2025-09-25 06:05:00,AB123CD,VEH001,RFD20250901016,Presente,CARTA,NA,UTZ020,41.9039,12.5142
2025-09-25 06:22:00,AB123CD,VEH001,RFD20250901104,Presente,CARTA,NA,UTZ021,41.9391,12.5160
2025-09-25 06:39:00,AB123CD,VEH001,RFD20250901252,Non Presente,NA,CARTA,NA,41.9398,12.5167
2025-09-25 06:56:00,AB123CD,VEH001,RFD20250901105,Presente,SECCO,NA,UTZ022,41.9405,12.5174
2025-09-25 07:13:00,EF456GH,VEH002,RFD20250901106,Presente,CARTA,NA,UTZ023,41.9120,12.5270
2025-09-25 07:30:00,EF456GH,VEH002,RFD20250901253,Non Presente,NA,VETRO,NA,41.9127,12.5277
2025-09-25 08:00:00,IL789MN,VEH003,RFD20250901107,Presente,UMIDO,NA,UTZ024,41.9270,12.5020
2025-09-25 08:17:00,IL789MN,VEH003,RFD20250901108,Presente,PLASTICA,NA,UTZ025,41.9277,12.5027
2025-09-25 08:34:00,IL789MN,VEH003,RFD20250901254,Non Presente,NA,UMIDO,NA,41.9284,12.5034
2025-09-25 08:51:00,ST345UV,VEH005,RFD20250901109,Presente,VETRO,NA,UTZ026,41.9080,12.5080
2025-09-27 06:03:00,AB123CD,VEH001,RFD20250901017,Presente,PLASTICA,NA,UTZ027,41.9046,12.5149
2025-09-27 06:20:00,AB123CD,VEH001,RFD20250901110,Presente,CARTA,NA,UTZ028,41.9412,12.5167
2025-09-27 06:37:00,AB123CD,VEH001,RFD20250901255,Non Presente,NA,SECCO,NA,41.9419,12.5174
2025-09-27 06:54:00,AB123CD,VEH001,RFD20250901111,Presente,CARTA,NA,UTZ029,41.9426,12.5181
2025-09-27 07:11:00,EF456GH,VEH002,RFD20250901112,Presente,VETRO,NA,UTZ030,41.9130,12.5280
2025-09-27 07:28:00,EF456GH,VEH002,RFD20250901256,Non Presente,NA,CARTA,NA,41.9137,12.5287
2025-09-27 07:58:00,IL789MN,VEH003,RFD20250901113,Presente,PLASTICA,NA,UTZ031,41.9280,12.5030
2025-09-27 08:15:00,IL789MN,VEH003,RFD20250901114,Presente,UMIDO,NA,UTZ032,41.9287,12.5037
2025-09-27 08:32:00,IL789MN,VEH003,RFD20250901257,Non Presente,NA,PLASTICA,NA,41.9294,12.5044
2025-09-27 08:49:00,OP012QR,VEH004,RFD20250901115,Presente,SECCO,NA,UTZ033,41.8990,12.5290
2025-09-29 06:01:00,AB123CD,VEH001,RFD20250901018,Presente,UMIDO,NA,UTZ034,41.9053,12.5156
2025-09-29 06:18:00,AB123CD,VEH001,RFD20250901116,Presente,CARTA,NA,UTZ035,41.9433,12.5174
2025-09-29 06:35:00,AB123CD,VEH001,RFD20250901258,Non Presente,NA,CARTA,NA,41.9440,12.5181
2025-09-29 06:52:00,AB123CD,VEH001,RFD20250901117,Presente,SECCO,NA,UTZ036,41.9447,12.5188
2025-09-29 07:09:00,EF456GH,VEH002,RFD20250901118,Presente,CARTA,NA,UTZ037,41.9140,12.5290
2025-09-29 07:26:00,EF456GH,VEH002,RFD20250901259,Non Presente,NA,VETRO,NA,41.9147,12.5297
2025-09-29 07:56:00,IL789MN,VEH003,RFD20250901119,Presente,UMIDO,NA,UTZ038,41.9290,12.5040
2025-09-29 08:13:00,IL789MN,VEH003,RFD20250901120,Presente,PLASTICA,NA,UTZ039,41.9297,12.5047
2025-09-29 08:30:00,IL789MN,VEH003,RFD20250901260,Non Presente,NA,UMIDO,NA,41.9304,12.5054
2025-09-29 08:47:00,ST345UV,VEH005,RFD20250901121,Presente,VETRO,NA,UTZ040,41.9090,12.5090
2025-09-30 06:15:00,AB123CD,VEH001,RFD20250901019,Presente,SECCO,NA,UTZ041,41.9060,12.5163
2025-09-30 06:32:00,AB123CD,VEH001,RFD20250901122,Presente,CARTA,NA,UTZ042,41.9454,12.5181
2025-09-30 06:49:00,AB123CD,VEH001,RFD20250901261,Non Presente,NA,SECCO,NA,41.9461,12.5188
2025-09-30 07:06:00,AB123CD,VEH001,RFD20250901123,Presente,CARTA,NA,UTZ043,41.9468,12.5195
2025-09-30 07:23:00,EF456GH,VEH002,RFD20250901124,Presente,VETRO,NA,UTZ044,41.9150,12.5300
2025-09-30 07:40:00,EF456GH,VEH002,RFD20250901262,Non Presente,NA,VETRO,NA,41.9157,12.5307
2025-09-30 08:10:00,IL789MN,VEH003,RFD20250901125,Presente,PLASTICA,NA,UTZ045,41.9300,12.5050
2025-09-30 08:27:00,IL789MN,VEH003,RFD20250901126,Presente,UMIDO,NA,UTZ046,41.9307,12.5057
2025-09-30 08:44:00,IL789MN,VEH003,RFD20250901263,Non Presente,NA,PLASTICA,NA,41.9314,12.5064
2025-09-30 09:01:00,OP012QR,VEH004,RFD20250901127,Presente,SECCO,NA,UTZ047,41.9000,12.5300
